"""Listagem de Produções no Brasil com Participação de Profissionais Estrangeiros - 2008""";;;;;;;;;;;;;
"""Número de Autorização de Origem""";"""Data da Aprovação""";"""Número de Técnicos/
Artistas Estrangeiros""";"""Título da Obra""";"""Tipo de Obra""";"""Período Produção""";"""Empresa Brasileira""";"""UF""";"""Empresa Estrangeira""";"""País""";"""Produção""";"""Local de Filmagem (UF)""";;
"""1""";"""39449""";"""5""";"""Alpro Paradise""";"""publicitária""";"""03/01/2008 a 20/02/2008""";"""Zohar Cinema e Comunicação Ltda""";"""RJ""";"""Latcho Drom""";"""Bélgica""";"""Estrangeira""";"""PR/SP""";;""""
"""2""";"""39451""";"""1""";"""Futebol Alegre""";"""ficção""";"""05/01/2008 a 20/02/2008
(pós-produção)""";"""O2 Produções Artísticas e Cinematográficas Ltda""";"""SP""";"""I-F-D""";"""Japão""";"""Estrangeira""";"""SP""";;
"""3""";"""39451""";"""3""";"""Acerola Filme""";"""publicitária""";"""05/01/2008 a 28/02/2008""";"""O2 Produções Artísticas e Cinematográficas Ltda""";"""SP""";"""Tohokushinsha Film Corporation""";"""Japão""";"""Estrangeira""";"""SP""";;
"""4""";"""39454""";"""2""";"""NHK Special ""Yanomami"" Parte II""";"""documentário""";"""17/01/2008 a 31/03/2008""";"""Urutau Filmes Ltda""";"""SP""";"""NHK - Japan Broadcasting Corporation""";"""Japão""";"""Estrangeira""";"""RR""";;
"""5""";"""39455""";"""1""";"""Korean Airlines""";"""publicitária""";"""14/01/2008 a 14/02/2008 
(pré-produção)""";"""Ocean Films Ltda""";"""SC""";"""Compass Productions PTY Ltd""";"""Austrália""";"""Estrangeira""";"""BA/PR/RJ/SP""";;
"""6""";"""39456""";"""4""";"""Budapeste""";"""ficção""";"""10/01/2008 a 10/02/2008""";"""Nexus Cinema e Vídeo Ltda""";"""SP""";"""EuroFilm Stúdio Korlatolt Felelôsségu Társaság""";"""Hungria""";"""Coprodução""";"""RJ""";;
"""7""";"""39456""";"""3""";"""Kumon Brand TVCM""";"""documentário""";"""17/01/2008 a 23/01/2008""";"""Caradecão Produções Ltda""";"""RJ""";"""Indigo Pictures LLC""";"""Estados Unidos""";"""Estrangeira""";"""RJ""";;
"""8""";"""39456""";"""4""";"""Desfile das Escolas de Samba 2008""";"""captação de imagens""";"""26/01/2008 a 07/02/2008""";"""Globo Comunicação e Participações S/A""";"""RJ""";"""xxx""";"""xxx""";"""Brasileira""";"""RJ""";;
"""9""";"""39458""";"""4""";"""Les Roses""";"""publicitária""";"""11/01/2008 a 10/02/2008""";"""Zohar Cinema e Comunicação Ltda""";"""RJ""";"""Premiere Heure""";"""França""";"""Estrangeira""";"""RJ""";;
"""10""";"""39457""";"""3""";"""Filme Brasileiro""";"""documentário""";"""07/02/2008 a 20/02/2008""";"""Sol Entertainment Ltda""";"""RJ""";"""Fact + Film Medienproduktions GmbH""";"""Alemanha""";"""Estrangeira""";"""RJ""";;
"""11""";"""39461""";"""3""";"""Aqui para Ficar""";"""documentário""";"""20/01/2008 a 30/01/2008""";"""Tatu Filmes Ltda""";"""SP""";"""KI Productions""";"""França""";"""Estrangeira""";"""MT""";;
"""12""";"""39461""";"""33""";"""Plastic City""";"""ficção""";"""12/01/2008 a 31/05/2008""";"""Gullane Filmes Ltda""";"""SP""";"""Xtreme Pictures Limited""";"""China""";"""Coprodução""";"""RJ/SP""";;
"""13""";"""39462""";"""6""";"""A Terra vista do céu""";"""documentário""";"""04/02/2008 a 04/03/2008""";"""Aquamarine Produções de Vídeo Ltda""";"""SP""";"""TV Asahi Productions""";"""Japão""";"""Estrangeira""";"""AM/MT/MS/PA/RJ/SP""";;
"""14""";"""39462""";"""3""";"""O diário de um caminhoneiro brasileiro""";"""documentário""";"""25/01/2008 a 20/02/2008""";"""Urutau Filmes Ltda""";"""SP""";"""El Horizonte Co., Ltd.""";"""Japão""";"""Estrangeira""";"""MT/RO/SP""";;
"""15""";"""39463""";"""9""";"""Rio de Janeiro 2008""";"""institucional""";"""11/02/2008 a 16/02/2008""";"""D´Bartolo Filmes e Entretenimento Ltda""";"""SP""";"""Yada/Levine Video Productions""";"""Estados Unidos""";"""Estrangeira""";"""RJ""";;
"""16""";"""39463""";"""2""";"""The hearth of the Amazon""";"""documentário""";"""26/01/2008 a 15/02/2008""";"""Brian M. Sewell Produções Cinematográficas""";"""RJ""";"""Quicksilver Media""";"""Inglaterra""";"""Estrangeira""";"""AM/DF/RR""";;
"""17""";"""39463""";"""5""";"""China e Brasil, parceria estratégica internacional""";"""documentário""";"""23/01/2008 a 02/02/2008""";"""Francisco Ferreira Pinto Filho""";"""AM""";"""ABC News Network""";"""Estados Unidos""";"""Estrangeira""";"""DF/MT/SP""";;
"""18""";"""39465""";"""13""";"""Hat Inc""";"""publicitária""";"""20/01/2008 a 20/03/2008""";"""O2 Produções Artísticas e Cinematográficas Ltda""";"""SP""";"""Hat Inc.""";"""Japão""";"""Estrangeira""";"""RJ""";;
"""19""";"""39471""";"""3""";"""Kazoku no Shouzou - Part IV (Retratos de Família - Parte IV)""";"""documentário""";"""08/02/2008 a 15/05/2008""";"""Aquamarine Produções de Vídeo Ltda""";"""SP""";"""Documentary Japan Inc.""";"""Japão""";"""Estrangeira""";"""SP""";;
"""20""";"""39472""";"""2""";"""Nosso planeta Terra""";"""documentário""";"""10/02/2008 a 29/02/2008""";"""Neon Rio Ltda""";"""RJ""";"""WLP""";"""França""";"""Estrangeira""";"""MG/RJ/SP""";;
"""21""";"""39475""";"""3""";"""New Fusions""";"""publicitária""";"""20/02/2008 a 06/03/2008""";"""Paradiso Films Ltda""";"""SP""";"""Knucklehead""";"""Inglaterra""";"""Estrangeira""";"""SP""";;
"""22""";"""39475""";"""3""";"""Danger Women""";"""documentário""";"""10/02/2008 a 29/02/2008""";"""Neon Rio Ltda""";"""RJ""";"""Ricochet Ltd""";"""Inglaterra""";"""Estrangeira""";"""MT/MS""";;
"""23""";"""39475""";"""2""";"""Rites of Passion""";"""documentário""";"""04/02/2008 a 22/02/2008""";"""Brian M. Sewell Produções Cinematográficas""";"""RJ""";"""Fox Television Studios""";"""Estados Unidos""";"""Estrangeira""";"""AM/BA/GO/PA""";;
"""24""";"""39475""";"""1""";"""A filha de Iemanjá""";"""documentário""";"""30/01/2008 a 30/04/2008""";"""MW Produções Ltda""";"""RJ""";"""Polystar Nigeria Ltd.""";"""Nigéria""";"""Estrangeira""";"""RJ""";;
"""25""";"""39476""";"""2""";"""Life - Gecko & Caiman""";"""documentário""";"""23/02/2008 a 15/03/2008""";"""Neon Rio Ltda""";"""RJ""";"""British Broadcasting Corporation""";"""Inglaterra""";"""Estrangeira""";"""MT/MS""";;
"""26""";"""39476""";"""6""";"""Rynkeby 16 Bitter Oranges from Brazil""";"""publicitária""";"""12/02/2008 a 12/03/2008""";"""Prodigital Vagabond Filmes Ltda""";"""SP""";"""Co. & Hoegh""";"""Dinamarca""";"""Estrangeira""";"""SP""";;
"""27""";"""39477""";"""6""";"""Otto - Summer here we come!""";"""publicitária""";"""19/02/2008 a 23/02/2008""";"""Utopia Filmes Produção Artística Ltda""";"""RJ""";"""Telemaz Commercials GmbH""";"""Alemanha""";"""Estrangeira""";"""RJ""";;
"""28""";"""39477""";"""1""";"""Rio""";"""publicitária""";"""31/01/2008 a 01/03/2008""";"""Movie Makers Produções Cinematográficas Ltda""";"""RJ""";"""LPP Spolka Akcyjna""";"""Polônia""";"""Estrangeira""";"""RJ""";;
"""29""";"""39478""";"""6""";"""Salvemos a natureza e os povos em prol do futuro das crianças""";"""documentário""";"""13/02/2008 a 20/03/2008""";"""Masukomi Produções Ltda""";"""SP""";"""JINNET - Japan Independent News Net Co. Ltd.""";"""Japão""";"""Estrangeira""";"""AM/MT/PA""";;
"""30""";"""39478""";"""3""";"""TNT Brazil""";"""institucional""";"""09/02/2008 a 13/02/2008""";"""Neon Rio Ltda""";"""RJ""";"""Jacaranda Productions Ltd""";"""Inglaterra""";"""Estrangeira""";"""RS""";;
"""31""";"""39485""";"""4""";"""The world heritage - Patrimônios históricos mundiais""";"""documentário""";"""22/02/2008 a 10/03/2008""";"""Sango Production Ltda""";"""SP""";"""TBS Vision, Inc.""";"""Japão""";"""Estrangeira""";"""PR""";;
"""32""";"""39485""";"""3""";"""Garota de Ipanema - Song to soul *""";"""documentário""";"""20/03/2008 a 31/03/2008""";"""XES Projetos Visuais Ltda""";"""SP""";"""TBS Vision, Inc.""";"""Japão""";"""Estrangeira""";"""RJ/SP""";;
"""33""";"""39485""";"""1""";"""Desafio 2008 - many reasons""";"""publicitária""";"""10/02/2008 a 18/02/2008""";"""Bossa Nova Films Criações e Produções Ltda""";"""SP""";"""xxx""";"""xxx""";"""Brasileira""";"""SP""";;
"""34""";"""39489""";"""4""";"""Footprints at the ende of the world""";"""documentário""";"""11/03/2008 a 15/03/2008""";"""Blue Eye Empreedimentos e Produções Audiovisuais Ltda""";"""RJ""";"""NGHT, Inc.""";"""Estados Unidos""";"""Estrangeira""";"""RJ""";;
"""35""";"""39493""";"""1""";"""Imigrantes alemães no Brasil""";"""documentário""";"""20/02/2008 a 03/04/2008""";"""Sol Entertainment Ltda""";"""RJ""";"""Medi cine Medien Produktions GmbH""";"""Alemanha""";"""Estrangeira""";"""CE/MT/SP/RJ""";;
"""36""";"""39493""";"""5""";"""Nycomed SP""";"""institucional""";"""04/03/2008 a 09/03/2008""";"""Madremidia Produções Cinematográficas e Transporte Ltda ME""";"""SP""";"""The Edge Picture Co. Ltd.""";"""Inglaterra""";"""Estrangeira""";"""SP""";;
"""37""";"""39493""";"""5""";"""Architects""";"""publicitária""";"""25/02/2008 a 05/03/2008""";"""Paradiso Films Ltda""";"""SP""";"""Glass Film GmbH Co. & HG""";"""Alemanha""";"""Estrangeira""";"""SP""";;
"""38""";"""39496""";"""18""";"""No Limit Project #2""";"""publicitária""";"""05/03/2008 a 28/03/2008""";"""Ocean Films Ltda""";"""SC""";"""Transitions Production / Piramyd Film Inc.""";"""Estados Unidos / Japão""";"""Estrangeira""";"""AP""";;
"""39""";"""39497""";"""3""";"""The 100th Brazil Immigrant Anniversary - The song of hometown""";"""documentário""";"""08/03/2008 a 31/03/2008""";"""Sango Production Ltda""";"""SP""";"""RKB - Mainichi Broadcasting Corporation""";"""Japão""";"""Estrangeira""";"""AM/RJ/SP""";;
"""40""";"""39497""";"""3""";"""Implications of Global Warning & Efforts to save our Environment""";"""documentário""";"""22/02/2008 a 22/03/2008""";"""JKR Produções Artísticas Ltda""";"""RJ""";"""Hot Spot Films""";"""Emirados Árabes""";"""Estrangeira""";"""AC/DF/RO/SP""";;
"""41""";"""39498""";"""14""";"""Holiday""";"""publicitária""";"""05/03/2008 a 20/03/2008""";"""Ocean Films Ltda""";"""SC""";"""Love Productions""";"""Inglaterra""";"""Estrangeira""";"""RJ""";;
"""42""";"""39500""";"""3""";"""Songs of Praise""";"""programa de TV""";"""03/03/2008 a 10/03/2008""";"""Neon Rio Ltda""";"""RJ""";"""BBC Religion & Ethics""";"""Inglaterra""";"""Estrangeira""";"""PB""";;
"""43""";"""39500""";"""3""";"""Milho""";"""documentário""";"""03/03/2008 a 14/03/2008""";"""Meios de Produção e Comunicação Ltda""";"""RJ""";"""Filmes do Tejo II e Multimedia Ltda""";"""Portugal""";"""Coprodução""";"""DF/RJ""";;
"""44""";"""39503""";"""5""";"""Fourchette et sac à dos""";"""documentário""";"""20/03/2008 a 04/04/2008""";"""JKR Produções Artísticas Ltda""";"""RJ""";"""Coyote Conseil""";"""França""";"""Estrangeira""";"""BA/PA/RJ/RS""";;
"""45""";"""39504""";"""10""";"""SkinnyDipping""";"""programa de TV""";"""27/02/2008 a 11/03/2008""";"""A.K.A. Produções Artísticas Ltda""";"""SP""";"""Best Boy Productions""";"""Canadá""";"""Estrangeira""";"""SP""";;
"""46""";"""39504""";"""4""";"""Testemunho Brazil""";"""documentário""";"""25/05/2008 a 25/06/2008""";"""D´Bartolo Filmes e Entretenimento Ltda""";"""SP""";"""CDI Virtual Films Inc.""";"""Estados Unidos""";"""Estrangeira""";"""SP""";;
"""47""";"""39505""";"""3""";"""Travel Bug""";"""documentário""";"""09/03/2008 a 22/03/2008""";"""Canal Azul Produções Culturais Ltda""";"""SP""";"""NHNZ Ltd.""";"""Nova Zelândia""";"""Estrangeira""";"""AM/RJ/SP""";;
"""48""";"""39507""";"""4""";"""First Japanese: Designer Nobuyuki Ogawa, do Brasil para o Mundo""";"""programa de TV""";"""13/03/2008 a 10/04/2008""";"""Masukomi Produções Ltda""";"""SP""";"""NHK Joho Network Inc.""";"""Japão""";"""Estrangeira""";"""AM/RJ""";;
"""49""";"""39511""";"""9""";"""Daewoo Securities Tv Commercial for South Korea""";"""publicitária""";"""05/03/2008 a 01/05/2008""";"""Zohar Cinema e Comunicação Ltda""";"""RJ""";"""Resonate Pictures, Inc.""";"""Estados Unidos""";"""Estrangeira""";"""RJ""";;
"""50""";"""39511""";"""5""";"""70 days around the world tour with Markus Kock""";"""documentário""";"""06/04/2008 a 13/04/2008""";"""Brian M. Sewell Produções Cinematográficas""";"""RJ""";"""Hyperactive Media LLC""";"""Estados Unidos""";"""Estrangeira""";"""MG/PA/RJ/SP""";;
"""51""";"""39511""";"""3""";"""Que culpa tiene el tomate?""";"""documentário""";"""05/03/2008 a 13/03/2008""";"""TV Zero Cinema Ltda""";"""RJ""";"""diversas""";"""diversos""";"""Coprodução""";"""RJ""";;
"""52""";"""39512""";"""2""";"""Funky Bahia""";"""videoclipe""";"""06/03/2008 a 17/03/2008""";"""Elimar Produções Artísticas Ltda""";"""RJ""";"""Partizan Entertainment""";"""Estados Unidos""";"""Estrangeira""";"""BA""";;
"""53""";"""39513""";"""74""";"""Amazing Race""";"""programa de TV (reality show)""";"""07/04/2008 a 07/05/2008""";"""Planeta Films S/A""";"""SP""";"""Worldrace Productions Inc.""";"""Estados Unidos""";"""Estrangeira""";"""BA/CE""";;
"""54""";"""39513""";"""2""";"""À Deriva""";"""ficção""";"""07/03/2008 a 07/05/2008""";"""O2 Produções Artísticas e Cinematográficas Ltda""";"""SP""";"""Universal Pictures International B.V.""";"""Holanda""";"""Coprodução""";"""RJ""";;
"""55""";"""39514""";"""4""";"""Eprocad""";"""documentário""";"""16/03/2008 a 19/03/2008""";"""Brian M. Sewell Produções Cinematográficas""";"""RJ""";"""Can Communicate Ltd.""";"""Inglaterra""";"""Estrangeira""";"""SP""";;
"""56""";"""39516""";"""1""";"""Ciranda de Pedra""";"""novela""";"""15/03/2008 a 05/04/2008""";"""Globo Comunicação e Participações S/A""";"""RJ""";"""xxx""";"""xxx""";"""Brasileira""";"""RJ""";;
"""57""";"""39517""";"""3""";"""Les nouveaux explorateurs: Nomad´s Land saison 2""";"""documentário""";"""28/03/2008 a 25/04/2008""";"""Neon Rio Ltda""";"""RJ""";"""Gedeon Programmes""";"""França""";"""Estrangeira""";"""AM""";;
"""58""";"""39517""";"""4""";"""UV Perfect""";"""publicitária""";"""16/03/2008 a 21/03/2008""";"""Ink Geração e Produção de Conteúdos Ltda""";"""RJ""";"""xxx""";"""xxx""";"""Brasileira""";"""RJ/SP""";;
"""59""";"""39518""";"""4""";"""NHK Special: Centenário de imigração japonesa no Brasil""";"""documentário""";"""25/03/2008 a 20/05/2008""";"""Urutau Filmes Ltda""";"""SP""";"""NHK - Japan Broadcasting Corporation""";"""Japão""";"""Estrangeira""";"""RJ/SP""";;
"""60""";"""39520""";"""6""";"""100 anos de imigração japonesa no Brasil""";"""documentário""";"""22/03/2008 a 05/04/2008
(pré-produção)""";"""Ventura Vídeo Produções Ltda""";"""RJ""";"""Kokusaihoei Co., Ltd.""";"""Japão""";"""Estrangeira""";"""MS/SP""";;
"""61""";"""39520""";"""3""";"""""Volume Express Máscara"" e ""Superstay Lipcolor & Mineral""""";"""publicitária""";"""14/03/2008 a 30/04/2008""";"""Bossa Nova Films Criações e Produções Ltda""";"""SP""";"""Tempesta S.A.""";"""França""";"""Estrangeira""";"""SP""";;
"""62""";"""39521""";"""2""";"""Sonotoki Rekishi-ga Ugoita""";"""documentário""";"""10/04/2008 a 22/04/2008""";"""América do Sul Produções de Documentários Ltda""";"""SP""";"""NHK Media Plan, Inc.""";"""Japão""";"""Estrangeira""";"""PR/SP""";;
"""63""";"""39521""";"""3""";"""Ich wandere aus - Meine neue chance""";"""documentário""";"""24/03/2008 a 03/04/2008""";"""Aura Filme Produções Ltda""";"""RJ""";"""TV Connexion GmbH""";"""Alemanha""";"""Estrangeira""";"""AL""";;
"""64""";"""39525""";"""40""";"""Temptation Island""";"""programa de TV (reality show)""";"""27/03/2008 a 01/05/2008""";"""Neon Rio Ltda""";"""RJ""";"""Kanakna Productions""";"""Bélgica""";"""Estrangeira""";"""BA""";;
"""65""";"""39525""";"""6""";"""Samsung Cooperate TVC""";"""publicitária""";"""25/03/2008 a 25/04/2008""";"""Zohar Cinema e Comunicação Ltda""";"""RJ""";"""Sky Film Production""";"""Austrália""";"""Estrangeira""";"""AM""";;
"""66""";"""39525""";"""1""";"""Eclipse Love Hotel""";"""publicitária""";"""39533""";"""JKR Produções Artísticas Ltda""";"""RJ""";"""Directors Films Company""";"""Holanda""";"""Estrangeira""";"""RJ""";;
"""67""";"""39527""";"""3""";"""Filme Brasileiro 1""";"""documentário""";"""06/04/2008 a 16/04/2008""";"""Sol Entertainment Ltda""";"""RJ""";"""Fact + Film Medienproduktions GmbH""";"""Alemanha""";"""Estrangeira""";"""RJ""";;
"""68""";"""39531""";"""3""";"""Darwin Ga Kita""";"""documentário""";"""11/04/2008 a 09/07/2008""";"""América do Sul Produções de Documentários Ltda""";"""SP""";"""NHK Enterprises, Inc.""";"""Japão""";"""Estrangeira""";"""GO""";;
"""69""";"""39531""";"""1""";"""Marcha para a vida""";"""documentário""";"""24/03/2008 a 24/06/2008""";"""Conspiração Filmes Entretenimento Ltda.""";"""RJ""";"""Altina Films, Inc.""";"""Estados Unidos""";"""Estrangeira""";"""SP""";;
"""70""";"""39533""";"""2""";"""O contador de história""";"""ficção""";"""02/04/2008 a 02/07/2008""";"""Francisco Ramalho Jr. Filmes Ltda.""";"""SP""";"""Warner Entertainment Nederland B.V.""";"""Holanda""";"""Coprodução""";"""MG/SP""";;
"""71""";"""39534""";"""5""";"""Festa""";"""publicitária""";"""30/03/2008 a 30/04/2008""";"""O2 Produções Artísticas e Cinematográficas Ltda""";"""SP""";"""Boxer Films""";"""Estados Unidos""";"""Estrangeira""";"""SP""";;
"""72""";"""39539""";"""6""";"""Lost""";"""publicitária""";"""08/04/2008 a 08/05/2008""";"""Prodigital Vagabond Filmes Ltda""";"""SP""";"""Ball-Park""";"""Rússia""";"""Estrangeira""";"""RJ""";;
"""73""";"""39540""";"""7""";"""""Small Word"" e ""GO""""";"""publicitária""";"""06/04/2008 a 30/04/2008""";"""Ocean Films Ltda""";"""SC""";"""Locksmith Content""";"""Estados Unidos""";"""Estrangeira""";"""SP""";;
"""74""";"""39542""";"""4""";"""Les Maisons du Brésil""";"""documentário""";"""10/04/2008 a 17/05/2008""";"""Neon Rio Ltda""";"""RJ""";"""Tout & Bo Productions""";"""França""";"""Estrangeira""";"""AM/BA/DF/MA/MG/RJ/SP""";;
"""75""";"""39552""";"""3""";"""Chikyu Agora #3""";"""documentário""";"""01/5/2008 a 22/06/2008""";"""América do Sul Produções de Documentários Ltda""";"""SP""";"""Amazon Incorporated""";"""Japão""";"""Estrangeira""";"""SP/PR""";;
"""76""";"""39552""";"""5""";"""Imperium Der Viren""";"""documentário""";"""27/04/2008 a 02/05/2008""";"""Aura Filme Produções Ltda""";"""RJ""";"""ColourFIELD tell a vision""";"""Alemanha""";"""Estrangeira""";"""SP""";;
"""77""";"""39553""";"""3""";"""Elite Police""";"""série para TV""";"""17/04/2008 a 05/05/2008""";"""Limite Produções Ltda""";"""RJ""";"""October Films""";"""Inglaterra""";"""Estrangeira""";"""RJ""";;
"""78""";"""39554""";"""5""";"""Beck´s Next""";"""publicitária""";"""17/04/2008 a 16/05/2008""";"""O2 Produções Artísticas e Cinematográficas Ltda""";"""SP""";"""HanraHan""";"""Inglaterra""";"""Estrangeira""";"""SP""";;
"""79""";"""39555""";"""4""";"""Hana Credit Card""";"""publicitária""";"""24/04/2008 a 27/04/2008""";"""Utopia Filmes Produção Artística Ltda""";"""RJ""";"""DUO Films""";"""Estados Unidos""";"""Estrangeira""";"""RJ""";;
"""80""";"""39556""";"""1""";"""Life - Caiman""";"""documentário""";"""28/04/2008 a 04/05/2008""";"""Neon Rio Ltda""";"""RJ""";"""British Broadcasting Corporation""";"""Inglaterra""";"""Estrangeira""";"""MS""";;
"""81""";"""39556""";"""4""";"""Daily Planet Goes to""";"""documentário""";"""27/04/2008 a 12/08/2008""";"""Canal Azul Produções Culturais Ltda""";"""SP""";"""Exploration Production Inc. 9 Channel Nine Court Scarborough""";"""Canadá""";"""Estrangeira""";"""AM/BA/PR/RJ/SP""";;
"""82""";"""39560""";"""5""";"""Don´t worry""";"""publicitária""";"""25/04/2008 a 05/05/2008""";"""Killers Produções Cinematográficas Ltda""";"""SP""";"""xxx""";"""xxx""";"""Brasileira""";"""PE/SP""";;
"""83""";"""39560""";"""9""";"""Exiled""";"""programa de TV (reality show)""";"""28/04/2008 a 09/05/2008""";"""Renato Falcão""";"""RS""";"""Left/Right Inc.""";"""Estados Unidos""";"""Estrangeira""";"""MT""";;
"""84""";"""39560""";"""3""";"""Spaceship Earth""";"""documentário""";"""07/05/2008 a 06/06/2008""";"""Aquamarine Produções de Vídeo Ltda""";"""SP""";"""TBS Vision, Inc.""";"""Japão""";"""Estrangeira""";"""AM/RO/SP""";;
"""85""";"""39560""";"""8""";"""""Island"", ""Catwalk"", ""Delivery"" e ""Idents""""";"""publicitária""";"""27/04/2008 a 30/05/2008""";"""Ocean Films Ltda""";"""SC""";"""HomeCorp""";"""Inglaterra""";"""Estrangeira""";"""SP""";;
"""86""";"""39560""";"""4""";"""Sonhos de exploração - Patrimônios da Humanidade""";"""documentário""";"""09/05/2008 a 10/06/2008""";"""Urutau Filmes Ltda""";"""SP""";"""NHK - Japan Broadcasting Corporation""";"""Japão""";"""Estrangeira""";"""MG/RJ/SP""";;
"""87""";"""39563""";"""1""";"""Dores, amores e assemelhados""";"""ficção""";"""27/04/2008 a 15/06/2008""";"""Veredas Comunicação e Arte Ltda""";"""SP""";"""FF -Filmes Fundo - Produção de Longas e Curtas -Metragens Ltda""";"""Portugal""";"""Coprodução""";"""RJ/SP""";;
"""88""";"""39563""";"""1""";"""From the streets to the catwalks""";"""documentário""";"""01/05/2008 a 05/05/2008 """;"""Brian M. Sewell Produções Cinematográficas""";"""RJ""";"""Christian Aid""";"""Inglaterra""";"""Estrangeira""";"""BA""";;
"""89""";"""39566""";"""2""";"""Vermist""";"""documentário""";"""06/05/2008 a 10/05/2008""";"""Mares Produções Ltda""";"""RJ""";"""Tros Broadcasting Company""";"""Holanda""";"""Estrangeira""";"""PA/SP""";;
"""90""";"""39576""";"""1""";"""A Guerra dos Vizinhos II""";"""ficção""";"""16/05/2008 a 16/07/2008""";"""XR2 Cinevideo Ltda""";"""SP""";"""Cinemate Material Cinematográfico S/A""";"""Portugal""";"""Coprodução""";"""SP""";;
"""91""";"""39574""";"""2""";"""Os mitos de criação da Humanidade""";"""documentário""";"""03/06/2008 a 10/06/2008""";"""Aura Filme Produções Ltda""";"""RJ""";"""JRF GmbH & Co. KG""";"""Alemanha""";"""Estrangeira""";"""RO""";;
"""92""";"""39576""";"""9""";"""Nickers Mexico""";"""programa de TV""";"""27/05/2008 a  17/06/2008""";"""Transcom Sistema de Comunicação Ltda""";"""SP""";"""MTV Networks Latin America, Inc""";"""Estados Unidos""";"""Estrangeira""";"""SP""";;
"""93""";"""39577""";"""1""";"""Lugar no mundo""";"""publicitária""";"""14/04/2008 a 14/05/2008""";"""Movi & Art Produções Cinemátográficas Ltda""";"""SP""";"""Ozono Filmes Ltda""";"""Portugal""";"""Estrangeira""";"""SP""";;
"""94""";"""39577""";"""1""";"""C&A""";"""publicitária""";"""12/05/2008 a 30/06/2008""";"""O2 Produções Artísticas e Cinematográficas Ltda""";"""SP""";"""Boxer Films""";"""Estados Unidos""";"""Estrangeira""";"""SP""";;
"""95""";"""39582""";"""3""";"""A bússula de Shikoku""";"""documentário""";"""04/06/2008 a 25/06/2008""";"""Urutau Filmes Ltda""";"""SP""";"""NHK - Japan Broadcasting Corporation""";"""Japão""";"""Estrangeira""";"""SP""";;
"""96""";"""39582""";"""5""";"""David Jones Rio""";"""publicitária""";"""22/05/2008 a 01/06/2008""";"""Comboio Participações Artísticas e Eventos Ltda""";"""RJ""";"""Clou Production""";"""Estados Unidos""";"""Estrangeira""";"""RJ""";;
"""97""";"""39584""";"""5""";"""Home""";"""documentário""";"""25/05/2008 a 01/06/2008""";"""Alô Vídeo Ltda""";"""RJ""";"""Elzevir Films""";"""França""";"""Estrangeira""";"""AM/PA""";;
"""98""";"""39588""";"""3""";"""Sekai no hatemade itte q-lençois""";"""documentário""";"""25/07/2008 a 04/08/2008""";"""XES Projetos Visuais Ltda""";"""SP""";"""Call TV - Program Production Co.""";"""Japão""";"""Estrangeira""";"""MA""";;
"""99""";"""39589""";"""2""";"""ETV Special""";"""documentário""";"""20/06/2008 a 16/07/2008""";"""América do Sul Produções de Documentários Ltda""";"""SP""";"""NHK PlanNet, Inc""";"""Japão""";"""Estrangeira""";"""AM/PR/SP""";;
"""100""";"""39589""";"""10""";"""7 UP TV Comercial""";"""publicitária""";"""26/05/2008 a 07/07/2008""";"""O2 Produções Artísticas e Cinematográficas Ltda""";"""SP""";"""I2d ltd S.A""";"""África do Sul""";"""Estrangeira""";"""RJ/SP""";;
"""101""";"""39589""";"""4""";"""Waterslide""";"""publicitária""";"""30/05/2008 a 30/06/2008""";"""Zohar Cinema e Comunicação Ltda""";"""RJ""";"""Gorgeous Enterprise Ltd.""";"""Inglaterra""";"""Estrangeira""";"""RJ/SP""";;
"""102""";"""39596""";"""3""";"""The lost City of Z""";"""documentário""";"""09/06/2008 a 30/06/2008""";"""Blue Eye Empreedimentos e Produções Audiovisuais Ltda""";"""RJ""";"""Edge West, LLC""";"""Estados Unidos""";"""Estrangeira""";"""AM/MT""";;
"""103""";"""39596""";"""11""";"""Gringos do Rio - Rio Sex Comedy""";"""ficção""";"""08/06/2008 a 20/12/2008""";"""Tambellini Filmes e Produções Audiovisuais Ltda""";"""RJ""";"""Cineméma Dépendant""";"""França""";"""Coprodução""";"""PA/RJ""";;
"""104""";"""39596""";"""3""";"""TV Anima Mundi""";"""documentário""";"""08/06/2008 a 30/06/2008""";"""Urca Filmes Ltda""";"""RJ""";"""Marcopolo TV""";"""Itália""";"""Estrangeira""";"""AL/BA/PE""";;
"""105""";"""39597""";"""3""";"""Unterwegs mit dem aertzeschiff abaré auf dem Rio Tapajós in Brasilien""";"""documentário""";"""22/06/2008 a 05/07/2008""";"""Aura Filme Produções Ltda""";"""RJ""";"""Fernsehbüro GmbH i. G.""";"""Alemanha""";"""Estrangeira""";"""PA""";;
"""106""";"""39597""";"""3""";"""O Shamissen que atravessou o mar: O som que sustentou os 100 anos da imigração""";"""documentário""";"""09/06/2008 a 30/06/2008""";"""Aquamarine Produções de Vídeo Ltda""";"""SP""";"""NHK - Nippon Hoso Kyokai""";"""Japão""";"""Estrangeira""";"""SP""";;
"""107""";"""39605""";"""70""";"""Equador""";"""mini-série""";"""09/06/2008 a 01/10/2008""";"""Urca Filmes Ltda""";"""RJ""";"""Plano 6 - Produções Audiovisuais Lda""";"""Portugal""";"""Estrangeira""";"""BA/RJ""";;
"""108""";"""39605""";"""2""";"""Como vivem hoje as crianças criadas no instituto Elizabeth Sanders do Japão""";"""programa de TV""";"""28/06/2008 a 22/07/2008""";"""Town Network Produções Audiovisuais Ltda""";"""SP""";"""Fuji Television Network Inc""";"""Japão""";"""Estrangeira""";"""AM/PA/RJ/SP""";;
"""109""";"""39605""";"""3""";"""Filme Brasileiro #2""";"""documentário""";"""22/06/2008 a 05/07/2008""";"""Sol Entertainment Ltda""";"""RJ""";"""Fact + Film Medienproduktions GmbH""";"""Alemanha""";"""Estrangeira""";"""RJ""";;
"""110""";"""39608""";"""5""";"""Diário de Takeda em uma fazenda brasileira""";"""documentário""";"""30/06/2008 a 12/07/2008""";"""Xes Projetos Visuais Ltda""";"""SP""";"""TBS Vision, Inc.""";"""Japão""";"""Estrangeira""";"""CE/SP""";;
"""111""";"""39609""";"""4""";"""Batom""";"""publicitária""";"""11/06/2008 a 30/06/2008""";"""Bossa Nova Films Criações e Produções Ltda""";"""SP""";"""xxx""";"""xxx""";"""Brasileira""";"""SP""";;
"""112""";"""39610""";"""3""";"""Fascination""";"""publicitária""";"""16/06/2008 a 16/07/2008""";"""Zohar Cinema e Comunicação Ltda""";"""RJ""";"""Blue Productora""";"""Argentina""";"""Estrangeira""";"""RJ""";;
"""113""";"""39610""";"""1""";"""Comunidades Ribeirinhas""";"""documentário""";"""16/06/2008 a 11/07/2008""";"""Neon Rio Ltda""";"""RJ""";"""IWC Media Limited""";"""Inglaterra""";"""Estrangeira""";"""MT""";;
"""113-1""";"""39650""";"""Cancelamento da produção""";"""xxx""";"""xxx""";"""xxx""";"""xxx""";"""xxx""";"""xxx""";"""xxx""";"""xxx""";"""xxx""";;
"""114""";"""39612""";"""9""";"""The Perfect Trip""";"""programa de TV""";"""20/06/2008 a 30/06/2008""";"""Neon Rio Ltda""";"""RJ""";"""MTV Networks Europe""";"""Inglaterra""";"""Estrangeira""";"""RJ""";;
"""115""";"""39612""";"""2""";"""Obrigada Kasato Maru""";"""documentário""";"""24/06/2008 a 10/07/2008""";"""Urutau Filmes Ltda""";"""SP""";"""NHK - Japan Broadcasting Corporation - Kobe""";"""Japão""";"""Estrangeira""";"""SP""";;
"""116""";"""39615""";"""6""";"""Nandemo Kanteidan""";"""programa de TV""";"""10/07/2008 a 30/07/2008""";"""América do Sul Produções de Documentários Ltda""";"""SP""";"""Nexusinc""";"""Japão""";"""Estrangeira""";"""SP""";;
"""117""";"""39617""";"""1""";"""Auprès de L´Amazonie: le parcours de Claude Lévi-Strauss""";"""documentário""";"""23/06/2008 a 22/07/2008""";"""Indiana Produções Cinematográficas Ltda""";"""RJ""";"""13 Production""";"""França""";"""Estrangeira""";"""MT/RJ/SP""";;
"""118""";"""39617""";"""5""";"""Otakar Special""";"""programa de TV""";"""14/07/2008 a 04/08/2008""";"""América do Sul Produções de Documentários Ltda""";"""SP""";"""TV Tokyo Corporation""";"""Japão""";"""Estrangeira""";"""SP""";;
"""119""";"""39619""";"""5""";"""NatGeo/CBDI Media Assets Production""";"""institucional""";"""07/06/2008 a 21/06/2008""";"""Blue Eye Empreedimentos e Produções Audiovisuais Ltda""";"""RJ """;"""David Evans Imagens, Inc""";"""Estados Unidos""";"""Estrangeira""";"""BA/MG""";;
"""120""";"""39619""";"""1""";"""Insurreição Rítmica""";"""documentário""";"""18/06/2008 a 18/08/2008""";"""Eliciana Santos do Nascimento""";"""BA""";"""Big Wonderful Inc.""";"""Estados Unidos""";"""Coprodução""";"""BA""";;
"""121""";"""39619""";"""3""";"""Praia""";"""publicitária""";"""18/06/2008 a 30/07/2008""";"""Endora Filmes Produções Artísticas Ltda""";"""RJ""";"""Still - Sociedade de Tratamento de Imagem Lusitana Lda""";"""Portugal""";"""Estrangeira""";"""RJ""";;
"""122""";"""39624""";"""6""";"""The Human Journey""";"""documentário""";"""29/7/2008 a 05/08/2008""";"""Utopia Filmes Produção Artística Ltda""";"""RJ""";"""British Broadcasting Corporation""";"""Inglaterra""";"""Estrangeira""";"""PA/RJ""";;
"""123""";"""39625""";"""1""";"""Natalia Guimarães""";"""publicitária""";"""03/07/2008 a 20/07/2008""";"""Bossa Nova Films Criações e Produções Ltda""";"""SP""";"""xxx""";"""xxx""";"""Brasileira""";"""SP""";;
"""124""";"""39625""";"""2""";"""UFC Countown 2008.2""";"""documentário""";"""30/06/2008 a 04/07/2008""";"""Joia Entertainment Ltda""";"""RJ """;"""Positive Image Video Inc.""";"""Estados Unidos""";"""Estrangeira""";"""RJ""";;
"""125""";"""39625""";"""3""";"""What´s next? """;"""publicitária""";"""03/07/2008 a 15/08/2008""";"""Zohar Cinema e Comunicação Ltda""";"""RJ""";"""Hyperactive """;"""Estados Unidos""";"""Estrangeira""";"""RJ""";;
"""126""";"""39629""";"""2""";"""Polícia de São Paulo""";"""documentário""";"""20/07/2008 a 04/08/2008""";"""Neon Rio Ltda""";"""RJ""";"""Zig Zag Productions""";"""Inglaterra""";"""Estrangeira""";"""SP""";;
"""127""";"""39629""";"""8""";"""Pepsi Topless""";"""publicitária""";"""05/07/2008 a 05/08/2008""";"""Prodigital Vagabond Filmes Ltda""";"""SP""";"""Park Production""";"""Rússia""";"""Estrangeira""";"""SP""";;
"""128""";"""39630""";"""4""";"""O Centenário e o Beisebol""";"""documentário""";"""03/07/2008 a 21/08/2008""";"""XES Projetos Visuais Ltda""";"""SP""";"""Telecom Staff Inc.""";"""Japão""";"""Estrangeira""";"""PA/SP""";;
"""129""";"""39630""";"""41""";"""Robot""";"""ficção""";"""01/09/2008 a 10/09/2008""";"""Utopia Filmes Produção Artística Ltda""";"""RJ""";"""Ayngaran International Films Pvt. Limited""";"""Índia""";"""Estrangeira""";"""MA/PA""";;
"""130""";"""39631""";"""2""";"""Henri Burin, um advogado na defesa da Amazônia""";"""documentário""";"""15/07/2008 a 31/07/2008""";"""KMC Estratégias e Produção em Comunicação Ltda""";"""RJ""";"""Bonobo Productions""";"""França""";"""Estrangeira""";"""PA/TO""";;
"""131""";"""39638""";"""2""";"""NHK Special ""Yanomami"" Parte III""";"""documentário""";"""17/07/2008 a 20/09/2008""";"""Urutau Filmes Ltda""";"""SP""";"""NHK - Japan Broadcasting Corporation""";"""Japão""";"""Estrangeira""";"""RR""";;
"""132""";"""39638""";"""3""";"""Política energética e segurança no século XXI""";"""documentário""";"""16/07/2008 a 26/07/2008""";"""Sol Entertainment Ltda""";"""RJ""";"""Cinecentrum - Deutsche Gessellschaft für Film und Fernsehproduktion GmbH""";"""Alemanha""";"""Estrangeira""";"""RJ/SP""";;
"""133""";"""39639""";"""11""";"""Brazil - Education""";"""publicitária""";"""01/08/2008 a 30/08/2008""";"""Zohar Cinema e Comunicação Ltda""";"""RJ""";"""Radical Media""";"""Estados Unidos""";"""Estrangeira""";"""AM/RJ""";;
"""133-4/ 133-5/ 133-6""";"""39668""";"""Cancelamento da produção""";"""xxx""";"""xxx""";"""xxx""";"""xxx""";"""xxx""";"""xxx""";"""xxx""";"""xxx""";"""xxx""";;
"""134""";"""39640""";"""3""";"""A perfeita ilusão""";"""documentário""";"""28/07/2008 a 12/08/2008""";"""Sol Entertainment Ltda""";"""RJ""";"""MCS GmbH""";"""Alemanha""";"""Estrangeira""";"""AM/RJ""";;
"""135""";"""39640""";"""4""";"""Chikyu Daikiko""";"""documentário""";"""07/08/2008 a 23/10/2008 """;"""América do Sul Produções de Documentários Ltda""";"""SP""";"""NHK Enterprises, Inc.""";"""Japão""";"""Estrangeira""";"""MS/PR/SP""";;
"""136""";"""39640""";"""3""";"""Adventure captalist""";"""documentário""";"""08/08/2008 a 27/08/2008""";"""Neon Rio Ltda""";"""RJ""";"""Tigress Production Ltd.""";"""Inglaterra""";"""Estrangeira""";"""MT/RJ/SP""";;
"""137""";"""39645""";"""4""";"""Criança Esperança 2008""";"""programa de TV""";"""25/07/2008 a 05/08/2008""";"""Globo Comunicação e Participações S/A""";"""RJ""";"""xxx""";"""xxx""";"""Brasileira""";"""RJ""";;
"""138""";"""39645""";"""9""";"""Donnavventura Grand Raid of Brazil & Amazonas""";"""programa de TV (reality show)""";"""20/07/2008 a 18/09/2008""";"""Dharma Filmes e Produções Ltda""";"""DF""";"""Sanmarco S.R.L.""";"""Itália""";"""Estrangeira""";"""AL/AM/BA/CE/GO/MA/MG/PA/PE/RJ/RN/RR/SP/SE""";;
"""139""";"""39645""";"""2""";"""Campanha do dia do sexo com a Tila Tequila""";"""publicitária""";"""22/07/2008 a 27/07/2008""";"""Abril Radiofusão S/A""";"""SP""";"""xxx""";"""xxx""";"""Brasileira""";"""SP""";;
"""140""";"""39647""";"""4""";"""Brazil no Picaso Manabu Mabe""";"""documentário""";"""15/08/2008 a 07/09/2008""";"""América do Sul Produções de Documentários Ltda""";"""SP""";"""TKU - TV Kumamoto Co., Ltd.""";"""Japão""";"""Estrangeira""";"""PR/RJ/SP""";;
"""141""";"""39647""";"""3""";"""Yamato to ippachi""";"""documentário""";"""12/08/2008 a 27/08/2008""";"""América do Sul Produções de Documentários Ltda""";"""SP""";"""Okinawa TV Broadcasting Co., Ltd""";"""Japão""";"""Estrangeira""";"""MS/SP""";;
"""143""";"""39650""";"""2""";"""Canpotex""";"""institucional""";"""22/07/2008 a 31/07/2008""";"""D´Bartolo Filmes e Entretenimento Ltda""";"""SP""";"""CDI Virtual Films Inc.""";"""Estados Unidos""";"""Estrangeira""";"""DF""";;
"""144""";"""39651""";"""5""";"""O papel do imigrante japonês na preservação do meio-ambiente""";"""documentário""";"""04/09/2008 a 04/10/2008""";"""XES Projetos Visuais Ltda""";"""SP""";"""World Vision Co., Ltd""";"""Japão""";"""Estrangeira""";"""BA/PA/PE/RJ""";;
"""145""";"""39653""";"""6""";"""Kankyo mondai""";"""documentário""";"""08/08/2008 a 21/10/2008""";"""América do Sul Produções de Documentários Ltda""";"""SP""";"""Documentary Japan Inc.""";"""Japão""";"""Estrangeira""";"""MT/MS""";;
"""146""";"""39653""";"""4""";"""Elsève Total Repair 5 *1""";"""publicitária""";"""03/08/2008 a 07/08/2008""";"""Paradiso Films Ltda""";"""SP""";"""xxx""";"""xxx""";"""Brasileira""";"""RJ""";;
"""147""";"""39653""";"""4""";"""Sekai eco turism""";"""documentário""";"""15/08/2008 a 21/10/2008 """;"""América do Sul Produções de Documentários Ltda""";"""SP""";"""NHK Enterprises, Inc.""";"""Japão""";"""Estrangeira""";"""MT""";;
"""148""";"""39653""";"""2""";"""RBC the news""";"""documentário""";"""11/08/2008 a 04/09/2008""";"""América do Sul Produções de Documentários Ltda""";"""SP""";"""Ryukyu Broadcasting Corporation""";"""Japão""";"""Estrangeira""";"""SP""";;
"""149""";"""39654""";"""3""";"""Return to sender """;"""documentário""";"""11/08/2008 a 17/08/2008""";"""Carioca Filmes Ltda""";"""RJ""";"""De Beeldbrigade """;"""Holanda""";"""Estrangeira""";"""PE""";;
"""150""";"""39657""";"""2""";"""Dancing with the devil in the city of God""";"""documentário""";"""30/08/2008 a 04/10/2008""";"""W. Com Produções Ltda""";"""RJ""";"""The Jon Blair Film Company Limited""";"""Inglaterra""";"""Estrangeira""";"""RJ""";;
"""151""";"""39658""";"""28""";"""Natal no Rio""";"""ficção""";"""30/07/2008 a 20/11/2008""";"""Conspiração Filmes Entretenimento Ltda.""";"""RJ""";"""Filmauro S.r.l.""";"""Itália""";"""Estrangeira""";"""RJ""";;
"""152""";"""39658""";"""5""";"""Amazing Animals (Animais incríveis)""";"""programa de TV""";"""26/08/2008 a 22/11/2008""";"""Aquamarine Produções de Vídeo Ltda""";"""SP""";"""TBS - Tokyo Broadcasting System, Inc""";"""Japão""";"""Estrangeira""";"""AM/GO/MT/MS/MG/RO/SP""";;
"""153""";"""39659""";"""4""";"""Can capitalism save the Amazon Rainforest?""";"""documentário""";"""08/08/2008 a 24/08/2008""";"""Alfixit Produções Culturais e Artísticas Ltda""";"""SP""";"""BBC Media Centre""";"""Inglaterra""";"""Estrangeira""";"""AM/DF/GO/MT/PA/RO/SP""";;
"""154""";"""39659""";"""3""";"""Rio Tinto""";"""institucional""";"""08/08/2008 a 15/08/2008""";"""Neon Rio Ltda""";"""RJ""";"""Jacaranda Productions Ltd""";"""Inglaterra""";"""Estrangeira""";"""MS""";;
"""155""";"""39659""";"""1""";"""Lacta Flutuando""";"""publicitária""";"""21/07/2008 a 20/08/2008""";"""Conspiração Filmes Entretenimento Ltda.""";"""RJ""";"""xxx""";"""xxx""";"""Brasileira""";"""SP""";;
"""156""";"""39665""";"""2""";"""O maior felino da América Latina - A onça pantaneira""";"""documentário""";"""01/09/2008 a 28/10/2008""";"""Tambke Filmes Ltda""";"""RJ""";"""Bayerischer Rundfunk""";"""Alemanha""";"""Estrangeira""";"""AM/MT""";;
"""157""";"""39665""";"""7""";"""Besouro""";"""ficção""";"""16/08/2008  a 30/11/2008""";"""RT2A Produções Cinematográficas Ltda""";"""RJ""";"""xxx""";"""xxx""";"""Brasileira""";"""BA""";;
"""158""";"""39666""";"""4""";"""Granite Documentary""";"""institucional""";"""18/08/2008 a 28/08/2008""";"""Inpacto Serviços Ltda""";"""ES""";"""Studio 807, LLC""";"""Estados Unidos""";"""Estrangeira""";"""DF/ES""";;
"""159""";"""39667""";"""5""";"""Where is the mole?""";"""documentário""";"""13/08/2008 a 19/08/2008""";"""Carioca Filmes Ltda""";"""RJ""";"""De Beeldbrigade """;"""Holanda""";"""Estrangeira""";"""RJ""";;
"""160""";"""39668""";"""2""";"""Hello! Animal""";"""documentário""";"""01/09/2008 a 22/10/2008""";"""América do Sul Produções de Documentários Ltda""";"""SP""";"""Win-K Corporation""";"""Japão""";"""Estrangeira""";"""MS""";;
"""161""";"""39671""";"""2""";"""Treinamento Teekay""";"""institucional""";"""20/08/2008 a 04/09/2008""";"""Neon Rio Ltda""";"""RJ""";"""Take 3 Productions""";"""Inglaterra""";"""Estrangeira""";"""RJ""";;
"""162""";"""39671""";"""3""";"""Slow Slow Run Run""";"""videoclipe""";"""21/08/2008 a 22/08/2008""";"""Focus Films Ltda""";"""RJ""";"""Oparadize Films SARL""";"""França""";"""Estrangeira""";"""RJ""";;
"""163""";"""39672""";"""3""";"""Índios brasileiros""";"""documentário""";"""13/08/2008 a 31/08/2008""";"""Neon Rio Ltda""";"""RJ""";"""NetGeo - National Geography""";"""Estados Unidos""";"""Estrangeira""";"""DF/RR""";;
"""164""";"""39674""";"""1""";"""Pinacoteca Video Project""";"""documentário""";"""30/08/2008 a 02/09/2008""";"""Utopia Filmes Produção Artística Ltda""";"""RJ""";"""Particle Productions""";"""Estados Unidos""";"""Estrangeira""";"""SP""";;
"""165""";"""39674""";"""264""";"""Survivor""";"""programa de TV (reality show)""";"""15/08/2008 a 31/12/2008""";"""Dharma Filmes e Produções Ltda""";"""DF""";"""SEG International, Inc.""";"""Estados Unidos""";"""Estrangeira""";"""TO""";;
"""166""";"""39678""";"""3""";"""Global Health""";"""documentário""";"""29/08/2008 a 16/09/2008""";"""Zigafilm Produções Artísticas Ltda""";"""RJ""";"""Rockhopper TV""";"""Inglaterra""";"""Estrangeira""";"""BA/MG""";;
"""167""";"""39680""";"""1""";"""O dia-a-dia das famílias brasileiras""";"""documentário""";"""02/09/2008 a 13/09/2008""";"""Xes Projetos Visuais Ltda""";"""SP""";"""Visual Bay Co. Ltd.""";"""Japão""";"""Estrangeira""";"""RJ/SP""";;
"""168""";"""39680""";"""2""";"""Jucelino Nóbrega da Luz""";"""documentário""";"""01/09/2008 a 12/09/2008""";"""Xes Projetos Visuais Ltda""";"""SP""";"""Kabuto Inc.""";"""Japão""";"""Estrangeira""";"""MS/MG/SP""";;
"""169""";"""39681""";"""3""";"""Hot spots""";"""documentário""";"""06/09/2008 a 15/11/2008""";"""The Amazon Touch Produções Ltda""";"""SP""";"""Japan Broadcasting Corporation""";"""Japão""";"""Estrangeira""";"""GO/MT/MG/SP""";;
"""170""";"""39685""";"""3""";"""Filme Brasileiro #3""";"""documentário""";"""21/09/2008 a 02/10/2008""";"""Sol Entertainment Ltda""";"""RJ""";"""Fact + Film Medienproduktions GmbH""";"""Alemanha""";"""Estrangeira""";"""RJ""";;
"""171""";"""39685""";"""14""";"""Ghosts Hunters International""";"""documentário""";"""08/09/2008 a 10/10/2008""";"""Paradiso Films Ltda""";"""SP""";"""Ghosts Hunters Productions, Inc.""";"""Estados Unidos""";"""Estrangeira""";"""PA/RJ/SP""";;
"""172""";"""39687""";"""3""";"""Do começo ao fim""";"""ficção""";"""03/09/2008 a 20/10/2008""";"""Lama Filmes Ltda""";"""RJ""";"""xxx""";"""xxx""";"""Brasileira""";"""RJ""";;
"""173""";"""39689""";"""4""";"""Daily Planet Goes to #1""";"""documentário""";"""19/09/2008 a 25/09/2008""";"""Canal Azul Produções Culturais Ltda""";"""SP""";"""Exploration Production Inc.""";"""Canadá""";"""Estrangeira""";"""RJ/SP""";;
"""174""";"""39693""";"""1""";"""Nosso planeta Terra - Parte 2 """;"""documentário""";"""02/09/2008 a 15/09/2008""";"""Neon Rio Ltda""";"""RJ""";"""WLP Productions""";"""França""";"""Estrangeira""";"""RJ""";;
"""175""";"""39694""";"""76""";"""Koh Lanta""";"""programa de TV (reality show)""";"""04/09/2008 a 15/11/2008""";"""Frranciso Ferreira Pinto Filho """;"""AM""";"""Adventure Line Productions """;"""França""";"""Estrangeira""";"""AM""";;
"""176""";"""39695""";"""3""";"""The right to be""";"""documentário""";"""20/09/2008 a 04/10/2008""";"""Limite Produções Ltda""";"""RJ""";"""Animal Monday""";"""Inglaterra""";"""Estrangeira""";"""BA/PE/RJ""";;
"""177""";"""39696""";"""7""";"""Canon SP - O Mundo Perdido - Conhecer os Mistérios da Vida do Amazonas Brasil """;"""documentário""";"""15/09/2008 a 30/10/2008""";"""Fabio Aniya """;"""SP""";"""TV Man Union, Inc. """;"""Japão""";"""Estrangeira""";"""AC/AM/CE/DF/MA/MT/PA/SP/SE""";;
"""178""";"""39700""";"""5""";"""Mensagem de Yukio Okamoto para o Japão - Globalização: O grande momento brasileiro e seus reflexos  no Japão """;"""documentário""";"""27/09/2008 a 08/10/2008""";"""XES Projetos Visuais Ltda""";"""SP""";"""F & F Inc. """;"""Japão""";"""Estrangeira""";"""DF/MG/RJ/SP""";;
"""179""";"""39701""";"""1""";"""Mitten in Leben""";"""documentário""";"""22/09/2008 a 26/09/2008""";"""Tempo Serviços de Produção Ltda.  """;"""RS""";"""Schwartzkopff TV Productions GmbH & Co.KG""";"""Alemanha""";"""Estrangeira""";"""SC""";;
"""180""";"""39701""";"""2""";"""Samba de Roda """;"""documentário""";"""20/09/2008 a 05/10/2008""";"""Sol Entertainment Ltda""";"""RJ""";"""Filmhouse Media""";"""Alemanha""";"""Estrangeira""";"""BA""";;
"""181""";"""39702""";"""3""";"""Witness to the Wild """;"""documentário""";"""01/10/2008 a 20/10/2008""";"""Neon Rio Ltda""";"""RJ""";"""The Really Interesting Picture Company, Ltd """;"""Estados Unidos""";"""Estrangeira""";"""MT""";;
"""182""";"""39702""";"""2""";"""Vermist""";"""documentário""";"""18/09/2008 a 22/09/2008""";"""Mares Produções Ltda""";"""RJ""";"""Tros Broadcasting Company""";"""Holanda""";"""Estrangeira""";"""PR/SP""";;
"""183""";"""39702""";"""6""";"""UFC All Access/Countdown """;"""documentário""";"""24/09/2008 a 28/09/2008""";"""Joia Entertainment Ltda""";"""RJ""";"""Positive Image Video Inc.""";"""Estados Unidos""";"""Estrangeira""";"""RJ""";;
"""184""";"""39709""";"""6""";"""Jean Charles """;"""ficção""";"""22/09/2008 a 15/12/2008""";"""Já Filmes S/S Ltda """;"""SP""";"""Mango Films Ltd. """;"""Inglaterra""";"""Coprodução""";"""SP """;;
"""185""";"""39710""";"""4""";"""Nativity""";"""documentário""";"""04/10/2008 a 08/10/2008""";"""Brian M. Sewell Produções Cinematográficas""";"""RJ""";"""Carbon  Media Limited """;"""Inglaterra""";"""Estrangeira""";"""RJ""";;
"""186""";"""39715""";"""4""";"""The World's most enhanced woman and me """;"""documentário""";"""05/10/2008 a 10/10/2008""";"""Blue Eye Empreedimentos e Produções Audiovisuais Ltda""";"""RJ""";"""Firefly Film and Television Productions Ltd. """;"""Inglaterra""";"""Estrangeira""";"""ES""";;
"""187""";"""39715""";"""6""";"""A short history of progress """;"""documentário""";"""04/10/2008 a 25/10/2008""";"""Olhar Imaginário  Ltda. """;"""SP""";"""Film Progreso Inc. """;"""Canadá""";"""Estrangeira""";"""DF/MT/SP""";;
"""188""";"""39722""";"""3""";"""NHK Special - O Brasil e o Etanol """;"""documentário""";"""23/10/2008 a 15/12/2008""";"""Xes Projetos Visuais Ltda""";"""SP""";"""NHK - Nippon Hoso Kyokai """;"""Japão""";"""Estrangeira""";"""RJ/SP""";;
"""189""";"""39724""";"""2""";"""2012""";"""ficção""";"""10/10/2008 a  25/10/2008""";"""Endora Filmes Produções Artísticas Ltda""";"""RJ""";"""Stargate Films""";"""Estados Unidos""";"""Estrangeira""";"""RJ """;;
"""190""";"""39724""";"""12""";"""Daiana Krall in Rio """;"""documentário""";"""16/10/2008 a 04/11/2008""";"""Ocean Films Ltda""";"""SC""";"""Eagle Rock Etertainment""";"""Inglaterra""";"""Estrangeira""";"""RJ""";;
"""191""";"""39727""";"""4""";"""Andrew Marr Discovers Darwin """;"""documentário""";"""15/10/2008 a 30/10/2008""";"""Neon Rio Ltda""";"""RJ""";"""British Broadcasting Corporation""";"""Inglaterra""";"""Estrangeira""";"""SP/BA""";;
"""192""";"""39729""";"""5""";"""Os Maiores Peixes do Mundo""";"""documentário""";"""29/10/2008 a 22/12/2008""";"""Neon Rio Ltda""";"""RJ""";"""Icon Films """;"""Inglaterra""";"""Estrangeira""";"""AM""";;
"""193""";"""39731""";"""2""";"""Descobrimento de Steffen""";"""documentário""";"""27/10/2008 a 10/11/2008""";"""Sol Entertainment Ltda""";"""RJ""";"""Docstation Medienproduktion Strassenbahnring""";"""Alemanha""";"""Estrangeira""";"""AM""";;
"""194""";"""39731""";"""3""";"""Deep Blue""";"""documentário""";"""15/10/2008 a 22/10/2008""";"""Aura Filme Produções Ltda""";"""RJ""";"""CAPA Enterprise""";"""França""";"""Estrangeira""";"""ES/RJ""";;
"""195""";"""39731""";"""3""";"""Société Générale """;"""documentário""";"""20/10/2008 a 22/10/2008""";"""Aura Filme Produções Ltda""";"""RJ""";"""CAPA Enterprise""";"""França""";"""Estrangeira""";"""SP""";;
"""196""";"""39736""";"""6""";"""Wake Up Call """;"""publicitária""";"""20/10/2008 a 06/11/2008""";"""Planeta Films S/A""";"""SP""";"""Park Pictures """;"""Estados Unidos""";"""Estrangeira""";"""SP""";;
"""197""";"""39736""";"""1""";"""Latino Nodojiman """;"""documentário""";"""16/11/2008 a 25/11/2008""";"""América do Sul Produções de Documentários Ltda""";"""SP """;"""NHK - Nippon Hoso Kyokai """;"""Japão""";"""Estrangeira""";"""SP/PR""";;
"""198""";"""39742""";"""2""";"""Inside Sport """;"""programa de TV""";"""28/10/2008 a 03/11/2008""";"""Utopia Filmes Produção Artística Ltda""";"""RJ""";"""British Broadcasting Corporation""";"""Inglaterra""";"""Estrangeira""";"""BA/SP""";;
"""199""";"""39737""";"""3""";"""Volvo Ocean Race - Round the World 2008 - 2009""";"""documentário""";"""18/10/2008 a 25/10/2008""";"""Neon Rio Ltda""";"""RJ """;"""Sunset+Vine Productions Ltd""";"""Inglaterra""";"""Estrangeira""";"""PE/RJ""";;
"""200""";"""39742""";"""8""";"""Five Franchies a Rio """;"""documentário""";"""30/10/2008 a 01/11/2008""";"""JKR Produções Artísticas Ltda""";"""RJ""";"""La Grosse Equipe """;"""França""";"""Estrangeira""";"""RJ""";;
"""201""";"""39743""";"""3""";"""Everytime We Touch """;"""videoclipe""";"""01/11/2008 a 04/11/2008""";"""Carioca Filmes Ltda""";"""RJ""";"""Cosa""";"""França""";"""Estrangeira""";"""RJ""";;
"""202""";"""39743""";"""2""";"""Madventures """;"""documentário""";"""03/11/2008 a 16/11/2008 """;"""Utopia Filmes Produção Artística Ltda""";"""RJ""";"""Madventures Prods """;"""Finlândia """;"""Estrangeira""";"""AM/BA/RJ""";;
"""203""";"""39743""";"""3""";"""Kinder Country - Fountain """;"""publicitária""";"""30/10/2008 a 03/11/2008""";"""JKR Produções Artísticas Ltda""";"""RJ""";"""57 GmbH""";"""Alemanha""";"""Estrangeira""";"""RJ""";;
"""204""";"""39743""";"""6""";"""Ao Redor do Mundo Em 80 Crenças """;"""documentário""";"""13/11/2008 a 12/12/2008""";"""Neon Rio Ltda""";"""RJ""";"""British Broadcasting Corporation""";"""Inglaterra""";"""Estrangeira""";"""DF/RJ""";;
"""205""";"""39744""";"""3""";"""O Poder oculto da cura """;"""documentário""";"""09/11/2008 a 25/11/2008""";"""Urutau Filmes Ltda""";"""SP""";"""Japan Broadcasting Corporation""";"""Japão""";"""Estrangeira""";"""SP""";;
"""206""";"""39745""";"""4""";"""Daiting """;"""publicitária""";"""24/10/2008 a 15/11/2008 """;"""Ocean Produção de Filmes Ltda""";"""SC""";"""Goodgate Productions """;"""Argentina""";"""Estrangeira""";"""RJ""";;
"""207""";"""39745""";"""2""";"""Liebherr no Brasil """;"""institucional""";"""17/11/2008 a 22/11/2008""";"""Tambke Filmes Ltda""";"""RJ""";"""Naumann Film GmbH""";"""Alemanha""";"""Estrangeira""";"""SP""";;
"""208""";"""39750""";"""3""";"""Urban Age Award """;"""documentário""";"""07/11/2008 a 20/11/2008""";"""Tamanduá Produção Cine e Vídeo Ltda. """;"""SP """;"""Hoferichter & Jacobs Filmproduction""";"""Alemanha""";"""Estrangeira""";"""SP""";;
"""209""";"""39751""";"""91""";"""T.B. Show """;"""programa de TV (reality show)""";"""03/11/2008 a 22/12/2008 """;"""Planeta Films S/A""";"""SP""";"""ANISA Productions """;"""Estados Unidos""";"""Estrangeira""";"""SP""";;
"""210""";"""39755""";"""6""";"""Energy Autonomy - The Code of Survival """;"""documentário""";"""17/11/2008 a 29/11/2008""";"""Aura Filme Produções Ltda""";"""RJ""";"""FechnerMEDIA GmbH""";"""Alemanha""";"""Estrangeira""";"""AM""";;
"""211""";"""39756""";"""4""";"""Running in Hills """;"""programa de TV (reality show)""";"""05/11/2008 a 09/11/2008""";"""Renato Falcão""";"""RS""";"""Left/Right Inc.""";"""Estados Unidos""";"""Estrangeira""";"""RJ """;;
"""212""";"""39756""";"""6""";"""Rockstar Games """;"""jogo eletrônico (game) """;"""24//11/2008 a 12/12/2008""";"""Planeta Films S/A""";"""SP """;"""Rockstar Games """;"""Estados Unidos""";"""Estrangeira""";"""SP""";;
"""""";"""39762""";"""21""";"""Minha Terra, Minha Mãe""";"""Novela""";"""01/07/2008 a 30/12/2008""";"""Televisão Profissional Ltda""";"""RJ""";"""N/Tech Ltd.""";"""Ilhas Virgens Britânicas""";"""Estrangeira""";"""RJ""";;
"""213""";"""39763""";"""1""";"""Grilagem 2 """;"""documentário""";"""22/11/2008 a 21/02/2008""";"""Utopia Filmes Produção Artística Ltda""";"""RJ """;"""Non Plus Filmproduktion """;"""Áustria """;"""Estrangeira""";"""MT/PA/RJ""";;
"""214""";"""39763""";"""2""";"""Rainforest """;"""publicitária""";"""17/11/2008 a 23/11/2008""";"""Zohar Cinema e Comunicação Ltda""";"""RJ""";"""MJZ - Morton Jankel Zander Inc. """;"""Estados Unidos""";"""Estrangeira""";"""SP/RJ""";;
"""215""";"""39763""";"""3""";"""Patrimonio da Humanidade 100""";"""documentário""";"""26/12/2008 a 26/01/2009""";"""Urutau Filmes Ltda""";"""SP""";"""NHK Enterprise Inc. """;"""Japão""";"""Estrangeira""";"""DF/MA/MG/PE""";;
"""216""";"""39763""";"""2""";"""NHK Special Yanomami - Parte IV""";"""documentário""";"""27/11/2008 a 15/01/2009""";"""Urutau Filmes Ltda""";"""SP""";"""NHK - Japan Broadcasting Corporation """;"""Japão""";"""Estrangeira""";"""RR""";;
"""217""";"""39764""";"""3""";"""Defesa Mortífera da Natureza""";"""documentário""";"""24/11/2008 a 07/12/2008""";"""Neon Rio Ltda""";"""RJ""";"""Beyond International""";"""Austrália""";"""Estrangeira""";"""SP/MT/AM """;;
"""218""";"""39766""";"""2""";"""Idents ou Obras """;"""publicitária""";""" 24/11/2008 a 13/02/2009""";"""Demeter Films Ltda """;"""SP""";"""Ultimatum Production """;"""França""";"""Estrangeira""";"""SP""";;
"""219""";"""39770""";"""2""";"""Sonhos """;"""publicitária""";"""18/11/2008 a 30/11/2008""";"""Bossa Nova Films Criações e Produções Ltda""";"""SP""";"""xxx""";"""xxx""";"""Brasileira""";"""SP""";;
"""220""";"""39771""";"""1""";"""Rios Voadores """;"""documentário""";"""02/12/2008 a 22/12/2008""";"""Sol Entertainment Ltda""";"""RJ""";"""Fernsehbuero """;"""Alemanha""";"""Estrangeira""";"""AM/PA/RR/SP""";;
"""221""";"""39771""";"""3""";"""No Final do túnel encontramos o paraíso - 60 anos da fundação de Elizabeth Sanders Home""";"""documentário""";"""05/12/2008 a 15/12/2008""";"""Xes Projetos Visuais Ltda""";"""SP""";"""Ortus Japan """;"""Japão""";"""Estrangeira""";"""PA""";;
"""222""";"""39771""";"""4""";"""A Juíza Sueli Pini e o Juizado itinerante fluvial """;"""documentário""";"""01/12/2008 a 10/01/2009""";"""Town Network Produções Audiovisuais Ltda""";"""SP""";"""Temjin TV Production""";"""Japão""";"""Estrangeira""";"""AP""";;
"""223""";"""39771""";"""4""";"""Silence.ça Pousse I""";"""documentário""";"""27/11/2008 a 04/12/2008""";"""Tambke Filmes Ltda""";"""RJ""";"""CBTV SA  """;"""França""";"""Estrangeira""";"""RJ""";;
"""224""";"""39773""";"""6""";"""Jimmy's global farm """;"""documentário""";"""28/11/2008 a 25/02/2009""";"""Francisco Ferreira Pinto Filho """;"""AM""";"""British Broadcasting Corporation""";"""Escócia """;"""Estrangeira""";"""AL/AM/DF/GO/MT""";;
"""225""";"""39776""";"""2""";"""Programa Especial - 100 anos de Imigração Japonesa no Brasil """;"""documentário""";"""03/12/2008 a 14/12/2008""";"""Xes Projetos Visuais Ltda""";"""SP""";"""Ortus Japan """;"""Japão""";"""Estrangeira""";"""MS/SP""";;
"""226""";"""39777""";"""1""";"""Brand Global """;"""publicitária""";""" 01/12/2008 a 19/01/2009""";"""Paradiso Films Ltda""";"""SP """;"""The Gang Films """;"""França""";"""Estrangeira""";"""RJ """;;
"""227""";"""39777""";"""3""";"""Goodbye Germany """;"""documentário""";"""06/12/2008 a 12/12/2008""";"""Aura Filme Produções Ltda""";"""RJ """;"""Eyeworks GmbH""";"""Alemanha""";"""Estrangeira""";"""BA""";;
"""228""";"""39780""";"""4""";"""Festival of the world special in 2009""";"""documentário""";"""15/02/2009 a 28/02/2009""";"""Neon Rio Ltda""";"""RJ""";"""Nine Network Australia Pty Ltd. """;"""Austrália""";"""Estrangeira""";"""RJ""";;
"""229""";"""39786""";"""2""";"""Cirque Du Soleil - Cirque 2009 Show """;"""documentário""";"""06/12/2008 a 13/12/2008""";"""Utopia Filmes Produção Artística Ltda""";"""RJ """;"""Cirque Du Soleil Imagens Inc. """;"""Canadá""";"""Estrangeira""";"""RJ """;;
"""230""";"""39786""";"""11""";"""Kohaku utagasen - Festival da canção popular japonesa """;"""captação de imagens""";"""15/12/2008  02/01/2009""";"""Xes Projetos Visuais Ltda""";"""SP""";"""NHK - Nippon Hoso Kyokai """;"""Japão""";"""Estrangeira""";"""SP """;;
"""231""";"""39787""";"""2""";"""Stabilizers """;"""publicitária""";"""05/12/2008 a 20/12/2008""";"""Zohar Cinema e Comunicação Ltda""";"""RJ """;"""Academy Productions """;"""Inglaterra""";"""Estrangeira""";"""RJ""";;
"""232""";"""39787""";"""4""";"""Patrimônio Mundial Natural da Humanidade: Parque Nacional do Iguaçu """;"""documentário""";"""27/12/2008 a 20/01/2009""";"""Town Network Produções Audiovisuais Ltda""";"""SP """;"""Gen TV Production """;"""Japão""";"""Estrangeira""";"""PR""";;
"""233""";"""39798""";"""2""";"""Mambo""";"""publicitária""";"""03/01/2009 a 30/01/2009""";"""Bossa Nova Films Criações e Produções Ltda""";"""SP""";"""xxx""";"""xxx""";"""Brasileira""";"""SP """;;
"""234""";"""39791""";"""5""";"""As 100 paisagens mais deslumbrantes do mundo""";"""documentário""";"""02/01/2009 a 17/01/2009""";"""Xes Projetos Visuais Ltda""";"""SP""";"""Collaboration Inc. """;"""Japão""";"""Estrangeira""";"""AM/MA/PR""";;
"""235""";"""39801""";"""97""";"""The Expendables""";"""ficção""";"""05/01/2009 a 30/04/2009""";"""O2 Produções Artísticas e Cinematográficas Ltda""";"""SP""";"""Second Choice Production Services International  A.V.V. """;"""Estados Unidos """;"""Estrangeira""";"""RJ/SP""";;
"""236""";"""39805""";"""4""";"""Locked-up abroad series 4 - Episode 4: Brazil """;"""documentário""";"""06/01/2009 a 05/02/2009""";"""Erê Cinema Produções Artísticas Ltda. """;"""RJ""";"""Raw Television """;"""Inglaterra""";"""Estrangeira""";"""RJ """;;
"""* A produção foi cancelada conforme declaração da produtora nacional representante constante no dossiê (Autorização nº 32).""";;;;;;;;;;;;;
"""*1 Conforme documentação apresentada posteriormente ao período de produção, a obra, inicialmente de natureza estrangeira, foi produzida pela Paradiso Filmes Ltda, dirigida por Marcos Menescal Araújo. Veio ao Brasil apenas o profissional estrangeiro listado no of. 146-2/2008 (Autorização nº 146).""";;;;;;;;;;;;;
"""Fonte: Superintendência Registros - S.R.E - Coordenação de Registro de Empresa e Autorização de Produção Estrangeira - CRE - 2008""";;;;;;;;;;;;;
