Listagem de Distribuidoras 2009 a 2019;;;;;;;;;;;
;;;;;;;;;;;
Ano de exibição;Distribuidora;Número de Registro Ancine;Origem da empresa distribuidora;Público;Público Filmes Brasileiros;Renda (R$);Renda Filmes Brasileiros (R$);Títulos Exibidos;Títulos Brasileiros Exibidos;Títulos Lançados;Títulos Brasileiros Lançados
2009;Ab Filmes;136;Distribuição Nacional;33.255;0;307.288,57;0;1;0;1;0
2009;Business Telecom;17673;Distribuição Nacional;546;546;2.529,50;2.530;1;1;1;1
2009;Califórnia;532;Distribuição Nacional;211.136;547;1.963.949,76;2.209;23;2;11;0
2009;Canal 3;4282;Distribuição Nacional;ND;ND;ND;ND;1;1;1;1
2009;Canal Brasil;1500;Distribuição Nacional;15.588;15.588;141.466,68;141.467;1;1;1;1
2009;Caraminhola Produções Artísticas;6505;Distribuição Nacional;182;182;886;886;1;1;1;1
2009;Casa Azul;2260;Distribuição Nacional;230;230;975,38;975;2;2;2;2
2009;Cinegrama;4965;Distribuição Nacional;907;907;4.717,50;4.718;1;1;1;1
2009;Cinerama Filmes;810;Distribuição Nacional;239;239;767,26;767;1;1;0;0
2009;Downtown;4904;Distribuição Nacional;101.244;101.244;837.920,74;837.921;9;9;2;2
2009;Downtown/RioFilme;4904/105;Distribuição Nacional;1.935.766;1.935.766;17.137.715,53;17.137.716;2;2;2;2
2009;Downtown/Videofilmes;4904/276;Distribuição Nacional;4.119;4.119;25.713,36;25.713;1;1;1;1
2009;Espaço Filmes;1083;Distribuição Nacional;7.919;7.919;57.765,50;57.766;2;2;2;2
2009;Espaço Itaú de Cinema;14006;Distribuição Nacional;77.579;0;1.387.050,00;0;2;0;2;0
2009;Europa;2250;Distribuição Nacional;1.929.856;111.553;17.488.949,17;778.112;30;4;11;1
2009;Europa/RioFilme;2250/105;Distribuição Nacional;35.629;35.629;304.073,23;304.073;1;1;1;1
2009;Filmes da Mostra;1797/29957;Distribuição Nacional;116.023;0;1.030.667,42;0;10;0;7;0
2009;Filmes do Estação;592;Distribuição Nacional;164.218;84.204;1.333.743,11;632.688;27;9;11;4
2009;Flashstar Filmes;13591;Distribuição Nacional;65.019;0;640.518,60;0;2;0;1;0
2009;Fox;256;Distribuição Internacional;29.942.400;6.215.189;256.396.883,00;49.659.548;40;10;19;3
2009;G7 Cinema;5341;Distribuição Nacional;59.336;59.336;516.323,06;516.323;2;2;2;2
2009;Gávea Filmes e Produções;7128;Distribuição Nacional;2.596;2.596;16.555,50;16.556;1;1;1;1
2009;Imagem;1935;Distribuição Nacional;6.967.868;2.624.229;59.948.695,00;22.549.721;44;6;31;4
2009;Imovision;11868/173;Distribuição Nacional;545.507;62.023;4.797.885,37;522.371;61;13;25;5
2009;Já Filmes;748;Distribuição Nacional;1.680;1.680;7.456,50;7.457;2;2;0;0
2009;Labovideo Produções Artísticas;1070;Distribuição Nacional;706;706;3.862,00;3.862;1;1;0;0
2009;Master Shot Produções;478;Distribuição Nacional;ND;ND;ND;ND;1;1;1;1
2009;Mirasul;1273;Distribuição Nacional;104;104;1.061,00;1.061;1;1;1;1
2009;Miração Filmes;1860;Distribuição Nacional;6.026;6.026;41.827,75;41.828;1;1;1;1
2009;Moviemobz;13613;Distribuição Nacional;234.903;37.775;2.093.227,77;319.849;18;2;16;2
2009;Moviemobz/RioFilme;13613/105;Distribuição Nacional;74.780;74.780;724.055,76;724.056;3;3;3;3
2009;O2 Cinema;7087;Distribuição Nacional;591;591;3.034,00;3.034;1;1;1;1
2009;Panda Filmes;941;Distribuição Nacional;10.158;6.838;49.893,23;26.667;12;5;7;3
2009;Pandora Filmes;12443/333;Distribuição Nacional;137.245;13.448;1.143.180,80;89.542;40;11;10;4
2009;Paramount;169;Distribuição Internacional;8.076.514;42.793;66.189.369,00;263.675;17;3;10;1
2009;Paris;11922;Distribuição Nacional;8.147.077;3.238;66.210.010,61;14.678;29;1;18;0
2009;Pequena Central;1466;Distribuição Nacional;4.532;4.532;19.171,50;19.172;2;2;2;2
2009;Pipa Produções;5467;Distribuição Nacional;5.511;5.511;22.811,00;22.811;6;6;3;3
2009;Playarte;443;Distribuição Nacional;5.368.159;284.121;46.419.448,09;2.073.227;33;3;21;2
2009;Polifilmes;2550;Distribuição Nacional;7.847;7.512;45.320,54;44.106;9;8;3;3
2009;Polifilmes/Topázio Filmes;2550/1230;Distribuição Nacional;625;625;5.018,40;5.018;1;1;1;1
2009;Portfolium Laboratório de Imagens;14495;Distribuição Nacional;221;221;1.863,00;1.863;1;1;1;1
2009;Prana Filmes;1226;Distribuição Nacional;2.313;2.313;23.001,98;23.002;1;1;1;1
2009;Raiz Distribuidora;11792;Distribuição Nacional;318;318;954;954;1;1;0;0
2009;Rec Produtores;408;Distribuição Nacional;736;736;2.616,00;2.616;1;1;1;1
2009;República Pureza;1036;Distribuição Nacional;3.546;3.546;31.690,00;31.690;1;1;1;1
2009;RioFilme;105;Distribuição Nacional;2.971;2.971;14.113,77;14.114;7;7;1;1
2009;Sereia Filmes;13753;Distribuição Nacional;2.650;2.650;15.022,15;15.022;1;1;1;1
2009;Serendip;4626;Distribuição Nacional;556;0;4.305,00;0;1;0;0;0
2009;Serendip/Art Films;4626/98;Distribuição Nacional;21.603;21.603;180.751,02;180.751;1;1;1;1
2009;Sony;84;Distribuição Internacional;28.257.224;1.215.036;247.728.888,70;8.561.300;68;15;37;2
2009;Sony/Downtown;84/4904;Codistribuição Internacional-Nacional;316.077;316.077;2.640.159,02;2.640.159;1;1;1;1
2009;Superfilmes;125;Distribuição Nacional;6.784;6.784;98.555,50;98.556;1;1;1;1
2009;T.A.O. Produções Artisticas;1049;Distribuição Nacional;609;609;3.887,00;3.887;1;1;1;1
2009;Universal;169/84/33787;Distribuição Internacional;6.517.331;194.577;58.695.713,00;1.531.976;25;5;19;3
2009;Usina Digital;4591;Distribuição Nacional;2.487;2.487;13.227,50;13.228;3;3;0;0
2009;Videofilmes;276;Distribuição Nacional;38.980;38.794;307.378,51;306.338;10;8;3;3
2009;Warner;265;Distribuição Internacional;13.202.890;2.514.362;112.711.984,00;21.645.428;20;4;12;2
2009;Youle Filmes;306;Distribuição Nacional;19;19;186;186;1;1;1;1
2010;Ab Filmes;136;Distribuição Nacional;50.788;0;481.645,78;0;4;0;4;0
2010;Accorde Audiovisuais;1403;Distribuição Nacional;73.756;73.756;285.684,55;285.685;2;2;2;2
2010;Anavilhana;5313;Distribuição Nacional;818;818;6.679,40;6.679;2;2;2;2
2010;Bonfilm;14462;Distribuição Nacional;4.703;0;42.963,90;0;1;0;1;0
2010;Bras Filmes;319;Distribuição Nacional;24.149;24.149;176.323,29;176.323;1;1;1;1
2010;Caliban;854;Distribuição Nacional;9.572;9.572;74.824,88;74.825;1;1;1;1
2010;Califórnia;532;Distribuição Nacional;1.739.932;0;16.422.619,15;0;16;0;10;0
2010;Casa Azul;2260;Distribuição Nacional;49;49;236;236;1;1;0;0
2010;Ciclorama Filmes;17471;Distribuição Nacional;7.431;7.431;60.280,74;60.281;1;1;1;1
2010;Cinegrama;4965;Distribuição Nacional;34;34;183,5;184;1;1;0;0
2010;Copacabana Filmes;506;Distribuição Nacional;1.496;1.496;13.908,00;13.908;1;1;1;1
2010;Downtown;4904;Distribuição Nacional;14.823;14.823;79.075,00;79.075;5;5;1;1
2010;Downtown/Europa;4904/2250;Distribuição Nacional;848.494;848.494;7.065.555,90;7.065.556;1;1;1;1
2010;Downtown/Paris;4904/11922;Distribuição Nacional;447.822;447.822;3.711.269,20;3.711.269;1;1;0;0
2010;Downtown/RioFilme;4904/105;Distribuição Nacional;27.382;27.382;218.374,42;218.374;3;3;1;1
2010;Downtown/Videofilmes;4904/276;Distribuição Nacional;1.328;1.328;6.567,00;6.567;1;1;0;0
2010;Espaço Filmes;1083;Distribuição Nacional;86.964;86.964;763.358,01;763.358;9;9;9;9
2010;Espaço Itaú de Cinema;14006;Distribuição Nacional;8.601;0;165.283,50;0;1;0;1;0
2010;Europa;2250;Distribuição Nacional;637.851;112.320;6.083.130,16;877.596;24;7;13;5
2010;Europa/RioFilme;2250/105;Distribuição Nacional;1.459.323;1.459.323;12.671.167,31;12.671.167;3;3;2;2
2010;Filmes da Mostra;1797/29957;Distribuição Nacional;116.134;0;1.075.885,32;0;13;0;5;0
2010;Filmes do Estação;592;Distribuição Nacional;26.266;293;233.472,65;2.486;7;2;0;0
2010;Filmes do Rio de Janeiro;1517;Distribuição Nacional;453;453;3.955,71;3.956;1;1;1;1
2010;Fox;256;Distribuição Internacional;25.081.393;4.171.459;232.613.226,00;36.906.484;32;7;18;3
2010;G7 Cinema;5341;Distribuição Nacional;36.138;36.138;355.801,48;355.801;3;3;3;3
2010;Gávea Filmes e Produções;7128;Distribuição Nacional;1.036;1.036;5.304,50;5.305;1;1;1;1
2010;Idéia Forte;15995;Distribuição Nacional;929;929;8.588,00;8.588;1;1;1;1
2010;Imagem;1935;Distribuição Nacional;4.318.689;43.505;41.399.022,73;340.245;40;4;30;2
2010;Imovision;11868/173;Distribuição Nacional;714.197;32.077;6.780.813,44;310.011;54;7;28;2
2010;M. Schmiedt Produções;983;Distribuição Nacional;2.115;2.115;10.253,00;10.253;1;1;1;1
2010;Miração Filmes;1860;Distribuição Nacional;73;73;276;276;1;1;0;0
2010;Moro Comunicação;5224;Distribuição Nacional;1.205;1.205;6.908,00;6.908;1;1;1;1
2010;Moviemobz;13613;Distribuição Nacional;10.741;1.589;178.735,60;14.322;9;2;3;1
2010;Moviemobz/RioFilme;13613/105;Distribuição Nacional;2.667;2.667;23.410,00;23.410;3;3;0;0
2010;Panda Filmes;941;Distribuição Nacional;16.843;12.806;64.633,02;33.090;4;1;0;0
2010;Pandora Filmes;12443/333;Distribuição Nacional;126.478;14.740;1.084.352,72;107.210;32;5;9;2
2010;Paramount;169;Distribuição Internacional;19.343.121;390.346;185.576.728,00;3.483.041;13;2;13;2
2010;Paris;11922;Distribuição Nacional;8.938.884;433;77.483.672,51;4.066;34;1;24;1
2010;Pipa Produções;5467;Distribuição Nacional;2.679;1.489;9.833,50;3.734;4;3;1;0
2010;Playarte;443;Distribuição Nacional;4.499.544;1.248.097;39.394.612,94;8.337.524;35;4;25;2
2010;Polifilmes;2550;Distribuição Nacional;4.233;4.063;32.207,45;30.934;5;4;3;3
2010;Raiz Distribuidora;11792;Distribuição Nacional;57.443;57.443;172.111,70;172.112;5;5;0;0
2010;Santa Fé Filmes;782;Distribuição Nacional;1.661;1.661;14.122,00;14.122;1;1;1;1
2010;Sereia Filmes;13753;Distribuição Nacional;73;73;171;171;1;1;0;0
2010;Serendip;4626;Distribuição Nacional;39.226;0;345.126,52;0;6;0;6;0
2010;Sony;84;Distribuição Internacional;26.984.602;1.548.962;257.809.217,66;12.620.518;63;13;33;4
2010;Sony/Downtown;84/4904;Codistribuição Internacional-Nacional;3.414.241;3.414.241;30.283.798,77;30.283.799;2;2;1;1
2010;Sony/RioFilme;84/105;Codistribuição Internacional-Nacional;155.744;155.744;1.350.474,16;1.350.474;1;1;1;1
2010;Símio Filmes;14208;Distribuição Nacional;1.809;1.809;9.312,00;9.312;1;1;1;1
2010;T.A.O. Produções Artisticas;1049;Distribuição Nacional;879;879;2.178,00;2.178;1;1;0;0
2010;TV Zero Cinema;4586;Distribuição Nacional;ND;ND;ND;ND;1;1;1;1
2010;Universal;169/84/33787;Distribuição Internacional;7.002.618;0;65.781.012,00;0;17;0;12;0
2010;Usina Digital;4591;Distribuição Nacional;1.805;1.805;12.227,75;12.228;1;1;1;1
2010;Vega Filmes;11995;Distribuição Nacional;85;85;908;908;1;1;1;1
2010;Videofilmes;276;Distribuição Nacional;89.087;89.087;817.308,91;817.309;5;5;4;4
2010;Vitrine Filmes;16713;Distribuição Nacional;2.368;2.368;14.778,71;14.779;3;3;2;2
2010;Walper Ruas;1572;Distribuição Nacional;2.822;2.822;21.042,50;21.043;1;1;1;1
2010;Warner;265;Distribuição Internacional;17.072.980;8.971;164.502.240,37;73.412;25;4;18;1
2010;Warner/RioFilme;265/105;Codistribuição Internacional-Nacional;296.739;296.739;2.246.886,00;2.246.886;1;1;1;1
2010;Zazen;611;Distribuição Nacional;11.023.475;11.023.475;102.320.114,16;102.320.114;1;1;1;1
2011;Ab Filmes;136;Distribuição Nacional;35.255;0;353.514,15;0;6;0;3;0
2011;Ab Filmes/Festival Filmes;136/16538;Distribuição Nacional;4.268;4.268;43.090,91;43.091;1;1;1;1
2011;Accorde Audiovisuais;1403;Distribuição Nacional;16.611;16.611;46.176,00;46.176;1;1;0;0
2011;Activity Filmes;309;Distribuição Nacional;2.070;0;16.135,79;0;1;0;1;0
2011;Art Films;98;Distribuição Nacional;237;0;1.435,00;0;1;0;0;0
2011;Bonfilm;14462;Distribuição Nacional;10.110;0;93.444,58;0;2;0;1;0
2011;Bras Filmes;319;Distribuição Nacional;1.330;1.330;3.198,00;3.198;1;1;0;0
2011;Business Telecom;17673;Distribuição Nacional;798;798;3.958,00;3.958;1;1;1;1
2011;Caliban;854;Distribuição Nacional;54;54;650,35;650;1;1;0;0
2011;Califórnia;532;Distribuição Nacional;1.362.456;136;15.627.702,78;885;18;1;13;1
2011;Camisa Treze;4369;Distribuição Nacional;2.897;2.897;30.576,50;30.577;1;1;1;1
2011;Carioca;1442;Distribuição Nacional;173;173;1.415,00;1.415;1;1;1;1
2011;Cazion Films Brasil;31096;Distribuição Nacional;ND;ND;ND;ND;1;0;1;0
2011;Ciclorama Filmes;17471;Distribuição Nacional;ND;ND;ND;ND;1;1;1;1
2011;Cinemark Brasil;1843;Distribuição Nacional;30.619;21.842;429.087,00;291.939;2;1;2;1
2011;Copacabana Filmes;506;Distribuição Nacional;21.261;21.261;180.122,67;180.123;3;3;1;1
2011;Disney;18398;Distribuição Internacional;12.424.433;1.194.628;126.700.553,84;10.742.239;12;1;10;1
2011;Downtown;4904;Distribuição Nacional;89.694;89.694;777.142,59;777.143;4;4;4;4
2011;Downtown/Europa;4904/2250;Distribuição Nacional;239;239;478;478;1;1;0;0
2011;Downtown/Paris;4904/11922;Distribuição Nacional;3.058.730;3.058.730;27.322.509,56;27.322.510;1;1;1;1
2011;Downtown/Paris/RioFilme;4904/11922/105;Distribuição Nacional;2.959.460;2.959.460;28.030.183,67;28.030.184;1;1;1;1
2011;Downtown/RioFilme;4904/105;Distribuição Nacional;413.851;413.851;3.355.752,35;3.355.752;3;3;3;3
2011;Enquadramento Produções;16352;Distribuição Nacional;56;56;353;353;1;1;1;1
2011;Esfera Produções;18039;Distribuição Nacional;33.590;0;372.248,21;0;2;0;2;0
2011;Espaço Filmes;1083;Distribuição Nacional;77.747;77.747;780.650,87;780.651;11;11;9;9
2011;Espaço Itaú de Cinema;14006;Distribuição Nacional;11.699;0;226.914,00;0;2;0;1;0
2011;Europa;2250;Distribuição Nacional;116.148;35.132;1.069.736,19;261.338;18;6;6;2
2011;Europa/RioFilme;2250/105;Distribuição Nacional;143.128;143.128;1.163.340,59;1.163.341;2;2;0;0
2011;F.J. Vídeo;12132;Distribuição Nacional;557;0;1.206,00;0;3;0;2;0
2011;Filmes da Mostra;1797/29957;Distribuição Nacional;43.045;0;418.886,36;0;12;0;3;0
2011;Filmes do Estação;592;Distribuição Nacional;80.468;74.976;705.672,47;650.883;8;2;4;2
2011;Formosa Filmes;16462;Distribuição Nacional;1.370;1.370;11.170,55;11.171;1;1;1;1
2011;Fox;256;Distribuição Internacional;22.750.838;2.186.037;238.408.891,40;20.563.568;29;7;21;4
2011;Gávea Filmes e Produções;7128;Distribuição Nacional;4.040;4.040;29.158,70;29.159;2;2;1;1
2011;Imagem;1935;Distribuição Nacional;9.422.035;1.720.421;96.068.303,88;15.878.618;43;9;30;7
2011;Imagem/RioFilme;1935/105;Distribuição Nacional;2.176.999;2.176.999;20.038.362,43;20.038.362;1;1;1;1
2011;Imovision;11868/173;Distribuição Nacional;1.011.382;42.194;10.682.235,88;466.903;62;7;31;2
2011;Leão Filmes;346;Distribuição Nacional;8.088;8.088;13.509,50;13.510;1;1;1;1
2011;Lume Produções Cinematográficas;11990;Distribuição Nacional;24.661;0;217.873,11;0;6;0;6;0
2011;Miração Filmes;1860;Distribuição Nacional;828;828;3.201,59;3.202;1;1;1;1
2011;Mobz;19119;Distribuição Nacional;47.314;0;905.526,44;0;2;0;2;0
2011;Okna Produções;11871;Distribuição Nacional;ND;ND;ND;ND;1;1;1;1
2011;Panda Filmes;941;Distribuição Nacional;10.218;2.285;84.111,52;19.268;5;3;4;2
2011;Pandora Filmes;12443/333;Distribuição Nacional;65.369;13.190;574.166,42;94.422;25;6;6;3
2011;Paramount;169;Distribuição Internacional;24.253.226;1.283.545;252.000.886,00;11.967.157;21;3;17;1
2011;Paris;11922;Distribuição Nacional;13.801.567;912.676;136.992.869,42;8.288.699;36;3;23;3
2011;Petrini;18028;Distribuição Nacional;25.553;0;216.244,89;0;4;0;3;0
2011;Pipa Produções;5467;Distribuição Nacional;33.130;31.912;260.124,51;250.449;6;5;6;5
2011;Playarte;443;Distribuição Nacional;3.199.162;115.807;34.896.890,05;1.035.571;28;4;17;1
2011;Polifilmes;2550;Distribuição Nacional;23.712;23.712;205.232,90;205.233;9;9;6;6
2011;Polifilmes/Lapfilme;2550/994;Distribuição Nacional;3.469;3.469;32.011,56;32.012;1;1;1;1
2011;Raiz Distribuidora;11792;Distribuição Nacional;171.463;171.463;516.760,05;516.760;14;14;3;3
2011;Schürmann;7132;Distribuição Nacional;9.821;9.821;101.249,85;101.250;1;1;1;1
2011;Serendip;4626;Distribuição Nacional;110.142;0;1.161.600,33;0;9;0;5;0
2011;Sony;84;Distribuição Internacional;19.652.349;46.759;194.832.720,10;400.409;43;10;17;1
2011;Sony/Downtown;84/4904;Codistribuição Internacional-Nacional;65;65;161;161;1;1;0;0
2011;Sony/RioFilme;84/105;Codistribuição Internacional-Nacional;4.783;4.783;14.447,50;14.448;1;1;0;0
2011;Tucumán;16132;Distribuição Nacional;1.172;0;12.561,15;0;1;0;1;0
2011;TVA2 Produções;14408;Distribuição Nacional;251;251;1.745,05;1.745;1;1;1;1
2011;Universal;169/84/33787;Distribuição Internacional;6.329.264;593.861;59.818.790,00;5.881.678;17;2;11;1
2011;Videofilmes;276;Distribuição Nacional;10.436;10.436;96.645,82;96.646;5;5;4;4
2011;Vinny Filmes;17810;Distribuição Nacional;828.408;0;7.919.553,22;0;5;0;5;0
2011;Vitrine Filmes;16713;Distribuição Nacional;26.677;25.512;212.897,01;202.101;17;16;14;13
2011;Warner;265;Distribuição Internacional;18.131.124;54.563;184.760.347,36;536.448;37;3;21;2
2011;Warner/RioFilme;265/105;Codistribuição Internacional-Nacional;3.426;3.426;10.198,00;10.198;1;1;0;0
2011;Zazen;611;Distribuição Nacional;123.248;123.248;1.141.039,58;1.141.040;1;1;0;0
2011;Zéfiro Produções;18707;Distribuição Nacional;ND;ND;ND;ND;1;1;1;1
2012;Ab Filmes;136;Distribuição Nacional;13.507;0;151.492,28;0;3;0;2;0
2012;Ab Filmes/Festival Filmes;136/16538;Distribuição Nacional;118;118;749;749;1;1;0;0
2012;Ab Filmes/Polifilmes;136/2550;Distribuição Nacional;7.149;7.149;71.046,47;71.046;1;1;1;1
2012;Affonso Uchôa;20515;Distribuição Nacional;321;321;1.488,50;1.489;1;1;1;1
2012;Bollywood Filmes;20883;Distribuição Nacional;1.355;0;12.518,21;0;1;0;1;0
2012;Bonfilm;14462;Distribuição Nacional;141;0;910,5;0;1;0;0;0
2012;Caliban;854;Distribuição Nacional;4.493;4.493;40.278,50;40.279;1;1;1;1
2012;Califórnia;532;Distribuição Nacional;1.763.263;38.739;21.285.077,06;393.593;22;1;16;1
2012;Canal Azul;526;Distribuição Nacional;691;691;7.719,00;7.719;1;1;1;1
2012;Carioca;1442;Distribuição Nacional;60;60;190,75;191;1;1;0;0
2012;Casa Azul;2260;Distribuição Nacional;39;39;415;415;1;1;1;1
2012;Ciclorama Filmes;17471;Distribuição Nacional;322;322;1.692,00;1.692;1;1;1;1
2012;Copacabana Filmes;506;Distribuição Nacional;96;96;320;320;1;1;0;0
2012;Disney;18398;Distribuição Internacional;17.141.172;0;200.716.283,11;0;16;0;7;0
2012;Downtown;4904;Distribuição Nacional;48.739;48.739;511.058,02;511.058;5;5;2;2
2012;Downtown/Paris/RioFilme;4904/11922/105;Distribuição Nacional;9.970.033;9.970.033;101.054.281,79;101.054.282;6;6;6;6
2012;Downtown/RioFilme;4904/105;Distribuição Nacional;96.357;96.357;1.026.880,87;1.026.881;2;2;1;1
2012;Elo Company;5672;Distribuição Nacional;681;681;8.576,42;8.576;1;1;1;1
2012;Empresa Cinematográfica Pampeana;929;Distribuição Nacional;970;970;8.524,81;8.525;1;1;1;1
2012;Esfera Produções;18039;Distribuição Nacional;41.931;0;498.241,61;0;8;0;6;0
2012;Espaço Filmes;1083;Distribuição Nacional;21.847;21.847;228.387,88;228.388;7;7;5;5
2012;Espaço Itaú de Cinema;14006;Distribuição Nacional;1.639;0;34.470,12;0;2;0;1;0
2012;Filmes da Mostra;1797/29957;Distribuição Nacional;16.860;0;152.203,82;0;11;0;5;0
2012;Filmes do Estação;592;Distribuição Nacional;24.885;54;222.280,89;321;5;1;1;0
2012;Formosa Filmes;16462;Distribuição Nacional;18;18;192;192;1;1;0;0
2012;Fox;256;Distribuição Internacional;21.096.097;160.554;219.680.717,47;1.492.418;25;3;15;1
2012;Fraiha Produções;298;Distribuição Nacional;980;980;10.098,24;10.098;1;1;1;1
2012;G7 Cinema;5341;Distribuição Nacional;13.609;13.609;161.692,46;161.692;1;1;1;1
2012;Grafo Audiovisual;13715;Distribuição Nacional;1.884;1.884;16.751,10;16.751;1;1;1;1
2012;Graça Filmes;16514;Distribuição Nacional;292.796;0;2.652.680,52;0;1;0;1;0
2012;Gávea Filmes e Produções;7128;Distribuição Nacional;2.263;2.263;13.943,21;13.943;2;2;1;1
2012;H2O Films;24619/21541;Distribuição Nacional;4.329;4.329;42.923,81;42.924;1;1;1;1
2012;H2O Films/RioFilme;24619/21541/105;Distribuição Nacional;61.312;61.312;453.499,97;453.500;2;2;2;2
2012;Ideias Maria Farinha;15848;Distribuição Nacional;2.744;2.744;29.153,99;29.154;1;1;1;1
2012;Imagem;1935;Distribuição Nacional;12.419.712;689.494;136.702.831,17;6.753.606;44;8;29;3
2012;Imovision;11868/173;Distribuição Nacional;1.027.417;114.470;11.857.567,73;1.204.043;56;6;34;5
2012;Kinofilmes Produções;232;Distribuição Nacional;279;279;3.191,00;3.191;1;1;1;1
2012;Leão Filmes;346;Distribuição Nacional;53;53;299;299;1;1;0;0
2012;Like Filmes;13632;Distribuição Nacional;ND;ND;ND;ND;1;1;1;1
2012;Lume Produções Cinematográficas;11990;Distribuição Nacional;31.975;1.486;257.175,31;9.596;14;2;8;2
2012;Mapa Filmes do Brasil;647;Distribuição Nacional;597;597;6.041,50;6.042;1;1;0;0
2012;Maxie Demian;1417;Distribuição Nacional;283;283;2.015,00;2.015;1;1;1;1
2012;Mercúrio Produções;1436;Distribuição Nacional;9.489;9.489;42.378,90;42.379;1;1;1;1
2012;Mirada Filmes;16012;Distribuição Nacional;162;162;1.756,00;1.756;1;1;1;1
2012;Mobz;19119;Distribuição Nacional;2.770;2.770;34.233,47;34.233;1;1;1;1
2012;Moviola Filmes;18147;Distribuição Nacional;460;460;2.856,00;2.856;1;1;1;1
2012;Okna Produções;11871;Distribuição Nacional;447;447;2.207,00;2.207;1;1;1;1
2012;Outros Filmes Produções;14944;Distribuição Nacional;576;576;3.480,00;3.480;2;2;2;2
2012;Panda Filmes;941;Distribuição Nacional;4.648;0;40.689,00;0;1;0;1;0
2012;Pandora Filmes;12443/333;Distribuição Nacional;68.267;4.163;683.995,57;31.565;21;4;8;1
2012;Paramount;169;Distribuição Internacional;12.716.639;170.471;142.273.551,00;1.883.285;12;1;9;1
2012;Paris;11922;Distribuição Nacional;17.631.287;370.624;189.518.045,70;3.879.783;39;1;31;1
2012;Petrini;18028;Distribuição Nacional;32.605;0;333.179,00;0;4;0;2;0
2012;Pipa Produções;5467;Distribuição Nacional;1.386;1.386;10.651,48;10.651;3;3;1;1
2012;Playarte;443;Distribuição Nacional;1.753.221;288.900;19.610.848,59;3.300.873;23;2;12;1
2012;Polifilmes;2550;Distribuição Nacional;1.843;1.843;10.192,01;10.192;7;7;0;0
2012;Polifilmes/Asacine;2550/79;Distribuição Nacional;499;499;4.723,27;4.723;1;1;1;1
2012;Prana Filmes;1226;Distribuição Nacional;1.546;1.546;10.961,90;10.962;1;1;1;1
2012;Quimera Filmes;459;Distribuição Nacional;14;14;225;225;1;1;0;0
2012;Raiz Distribuidora;11792;Distribuição Nacional;322;322;3.053,53;3.054;3;3;0;0
2012;Refinaria Produções;4223;Distribuição Nacional;145;145;1.012,00;1.012;1;1;1;1
2012;RioFilme;105;Distribuição Nacional;3.546;3.546;33.765,50;33.766;1;1;1;1
2012;Serendip;4626;Distribuição Nacional;33.692;0;318.864,11;0;7;0;3;0
2012;Signopus;1494;Distribuição Nacional;7.916;7.916;71.505,59;71.506;1;1;1;1
2012;Sony;84;Distribuição Internacional;21.791.110;75.217;254.267.016,35;864.400;29;2;19;1
2012;Sony/Downtown;84/4904;Codistribuição Internacional-Nacional;377.887;377.887;3.898.283,67;3.898.284;1;1;1;1
2012;Sony/RioFilme;84/105;Codistribuição Internacional-Nacional;46.735;46.735;537.896,75;537.897;2;2;1;1
2012;Terra Firme;13354;Distribuição Nacional;548;548;5.776,00;5.776;1;1;1;1
2012;Tigre Produções Cinematográficas;2234;Distribuição Nacional;19.674;19.674;47.125,51;47.126;1;1;1;1
2012;Tucumán;16132;Distribuição Nacional;5.638;2.184;47.473,98;12.778;3;1;3;1
2012;Universal;169/84/33787;Distribuição Internacional;9.162.708;5.147;95.915.553,00;50.074;17;1;14;1
2012;Usina Digital;4591;Distribuição Nacional;ND;ND;ND;ND;1;1;1;1
2012;Videofilmes;276;Distribuição Nacional;92;92;411;411;2;2;0;0
2012;Vinny Filmes;17810;Distribuição Nacional;648.161;218.938;6.689.303,24;1.913.570;26;2;20;2
2012;Vitrine Filmes;16713;Distribuição Nacional;40.508;36.285;349.493,79;311.116;15;14;7;6
2012;VPC Cinemavídeo;2273;Distribuição Nacional;1.856;1.856;14.074,50;14.075;1;1;1;1
2012;Warner;265;Distribuição Internacional;17.716.110;2.357.104;197.348.198,00;23.603.078;28;4;17;2
2012;Werinton Kermes;21960;Distribuição Nacional;ND;ND;ND;ND;1;1;1;1
2012;Zazen;611;Distribuição Nacional;402.852;402.852;3.963.582,33;3.963.582;1;1;1;1
2013;Ab Filmes/Polifilmes;136/2550;Distribuição Nacional;1.200;1.200;11.586,13;11.586;2;2;1;1
2013;Alphaville Filmes;6418;Distribuição Nacional;182.445;0;2.186.898,81;0;10;0;10;0
2013;ArtHouse;22808;Distribuição Nacional;767;767;10.025,35;10.025;2;2;2;2
2013;Bela Filmes;18625;Distribuição Nacional;553;553;3.939,68;3.940;1;1;1;1
2013;Bonfilm;14462;Distribuição Nacional;23;0;281,95;0;1;0;0;0
2013;Brazukah Produções Culturais;12061;Distribuição Nacional;153;153;1.300,19;1.300;1;1;1;1
2013;Bretz Filmes/RioFilme;19243/105;Distribuição Nacional;8.831;8.831;94.502,95;94.503;1;1;1;1
2013;Busca Vida Filmes;18932;Distribuição Nacional;1.334;1.334;17.278,01;17.278;1;1;1;1
2013;Cafco Filmes;24886;Distribuição Nacional;17.480;0;210.423,51;0;2;0;2;0
2013;Califórnia;532;Distribuição Nacional;799.791;18.175;9.878.915,60;185.133;25;3;20;3
2013;Canal Brasil;1500;Distribuição Nacional;8.097;8.097;96.523,98;96.524;1;1;1;1
2013;Cesar Augusto Gananian;3833;Distribuição Nacional;867;867;13.260,91;13.261;1;1;1;1
2013;Cicatrix Filmes;23272;Distribuição Nacional;4.032;4.032;31.674,35;31.674;1;1;1;1
2013;Ciclorama Filmes;17471;Distribuição Nacional;1.262;1.262;11.903,08;11.903;1;1;0;0
2013;Cine Santa Teresa;14200;Distribuição Nacional;2.285;2.285;17.781,50;17.782;1;1;1;1
2013;Cinema Cinema Produções;21101;Distribuição Nacional;496;496;4.752,93;4.753;1;1;1;1
2013;Cinevideo Produções;21161;Distribuição Nacional;521;521;6.178,50;6.179;1;1;1;1
2013;Copacabana Filmes;506;Distribuição Nacional;1.591;1.591;14.828,67;14.829;1;1;1;1
2013;Cultura Maior;22903;Distribuição Nacional;1.676;1.676;21.519,41;21.519;1;1;1;1
2013;Diamond Films;22724;Distribuição Nacional;1.156.042;0;13.841.235,06;0;10;0;10;0
2013;Disney;18398;Distribuição Internacional;24.312.178;818.828;296.349.213,00;8.954.177;21;3;10;3
2013;Docdoma Filmes;5421;Distribuição Nacional;750;750;5.938,50;5.939;1;1;1;1
2013;Downtown;4904;Distribuição Nacional;15;15;232;232;1;1;1;1
2013;Downtown/Paris;4904/11922;Distribuição Nacional;12.955.183;12.955.183;141.436.440,89;141.436.441;7;7;7;7
2013;Downtown/Paris/RioFilme;4904/11922/105;Distribuição Nacional;4.147.267;4.147.267;43.099.264,29;43.099.264;4;4;1;1
2013;Downtown/Sony/RioFilme;4904/84/105;Codistribuição Internacional-Nacional;353.690;353.690;3.099.476,47;3.099.476;1;1;1;1
2013;Drama Filmes;610;Distribuição Nacional;365;365;1.104,00;1.104;1;1;1;1
2013;E.H. Produções;461;Distribuição Nacional;6.678;6.678;75.982,23;75.982;3;3;3;3
2013;Elo Company;5672;Distribuição Nacional;2.658;2.658;35.428,62;35.429;2;2;2;2
2013;Em Foco Multimídia;1134;Distribuição Nacional;747;747;6.899,22;6.899;1;1;1;1
2013;Esfera Produções;18039;Distribuição Nacional;308.216;0;3.919.775,39;0;23;0;14;0
2013;Espaço Filmes;1083;Distribuição Nacional;122.559;118.561;1.430.203,62;1.382.123;10;8;7;6
2013;Espaço Filmes/Videofilmes;1083/276;Distribuição Nacional;2.585;2.585;31.043,54;31.044;1;1;1;1
2013;Espaço Itaú de Cinema;14006;Distribuição Nacional;1.667;0;31.115,99;0;3;0;0;0
2013;Estação Elétrica Produções;1897;Distribuição Nacional;183;183;1.414,00;1.414;1;1;1;1
2013;Europa;2250;Distribuição Nacional;442.369;197.788;5.197.744,47;2.059.408;11;3;10;3
2013;Europa/RioFilme;2250/105;Distribuição Nacional;1.622.046;1.622.046;17.208.325,26;17.208.325;2;2;2;2
2013;F. J. Cines;310;Distribuição Nacional;5.079;0;35.314,50;0;1;0;0;0
2013;Festival Filmes;16538;Distribuição Nacional;248;248;3.591,06;3.591;1;1;1;1
2013;Filmes da Mostra;1797/29957;Distribuição Nacional;21.683;0;199.460,74;0;15;0;7;0
2013;FM Produções;21461;Distribuição Nacional;120;120;1.276,99;1.277;1;1;1;1
2013;Formosa Filmes;16462;Distribuição Nacional;769;769;10.007,06;10.007;1;1;1;1
2013;Forte Filmes;12699;Distribuição Nacional;2.002;2.002;25.387,81;25.388;2;2;2;2
2013;Fox;256;Distribuição Internacional;18.486.428;125.502;222.002.175,00;1.302.369;22;1;19;1
2013;Grafo Audiovisual;13715;Distribuição Nacional;98;98;280;280;1;1;0;0
2013;Graça Filmes;16514;Distribuição Nacional;1.170;0;6.456,50;0;1;0;0;0
2013;Grupo Storm;25676;Distribuição Nacional;325;325;3.178,00;3.178;1;1;1;1
2013;Gullane Entretenimento;848;Distribuição Nacional;527;527;6.479,84;6.480;1;1;1;1
2013;H2O Films;24619/21541;Distribuição Nacional;99.257;18.135;1.268.177,62;197.859;8;3;7;2
2013;H2O Films/RioFilme;24619/21541/105;Distribuição Nacional;13.151;13.151;115.473,14;115.473;3;3;1;1
2013;Imagem;1935;Distribuição Nacional;9.822.007;4.293.576;109.536.811,26;45.596.918;37;7;30;5
2013;Imagem/Fox;1935/256;Codistribuição Internacional-Nacional;1.715.763;1.715.763;18.253.649,24;18.253.649;1;1;1;1
2013;Imovision;11868/173;Distribuição Nacional;893.313;146.688;10.487.861,54;1.522.849;66;9;37;6
2013;Instituto Via BR;24513;Distribuição Nacional;1.486;1.486;17.938,90;17.939;1;1;1;1
2013;Jura Filmes;4946;Distribuição Nacional;1.102;1.102;4.554,35;4.554;1;1;1;1
2013;Kino Filmes;762;Distribuição Nacional;444;444;2.162,72;2.163;1;1;1;1
2013;Lança Filmes;25115;Distribuição Nacional;351;351;2.449,33;2.449;1;1;1;1
2013;Lume Produções Cinematográficas;11990;Distribuição Nacional;10.354;10.216;95.366,98;94.423;8;4;4;4
2013;Maff Representação e Participação;21823;Distribuição Nacional;2.557;2.557;32.997,93;32.998;1;1;1;1
2013;Mapa Filmes do Brasil;647;Distribuição Nacional;518;518;3.361,27;3.361;1;1;0;0
2013;Moviola Filmes;18147;Distribuição Nacional;67;67;153;153;1;1;0;0
2013;NGM Produções;891;Distribuição Nacional;ND;ND;ND;ND;1;1;1;1
2013;Oswaldo Montenegro Produções Artísticas;6707;Distribuição Nacional;1.971;1.971;29.109,04;29.109;1;1;1;1
2013;Paleotv;4958;Distribuição Nacional;1.431;1.431;6.025,70;6.026;1;1;1;1
2013;Panda Filmes;941;Distribuição Nacional;2.674;2.662;26.381,74;26.316;4;3;4;3
2013;Pandora Filmes;12443/333;Distribuição Nacional;181.889;12.833;2.006.380,57;111.943;19;6;12;5
2013;Paramount;169;Distribuição Internacional;10.865.786;0;139.958.652,00;0;12;0;10;0
2013;Paris;11922;Distribuição Nacional;12.782.887;218;145.078.311,38;1.090;53;1;32;0
2013;Pequi Filmes;5446;Distribuição Nacional;25.085;25.085;262.474,40;262.474;1;1;1;1
2013;Petrini;18028;Distribuição Nacional;199;ND;1.396,80;ND;4;1;3;1
2013;Pipa Produções;5467;Distribuição Nacional;1.991;1.991;16.213,53;16.214;1;1;1;1
2013;Playarte;443;Distribuição Nacional;2.137.509;669;24.318.750,69;9.608;16;1;10;0
2013;Polifilmes;2550;Distribuição Nacional;16.803;15.876;96.147,38;85.623;5;4;3;2
2013;Prana Filmes;1226;Distribuição Nacional;55;55;192;192;1;1;0;0
2013;Raconto Produções Artísticas;13044;Distribuição Nacional;207;207;1.630,00;1.630;1;1;1;1
2013;Raiz Distribuidora;11792;Distribuição Nacional;1.219;1.219;15.310,15;15.310;2;2;2;2
2013;RioFilme;105;Distribuição Nacional;103;103;615;615;1;1;0;0
2013;Serendip;4626;Distribuição Nacional;100.922;4.550;1.200.226,17;51.515;5;1;2;1
2013;Signopus;1494;Distribuição Nacional;8.600;8.600;62.408,52;62.409;1;1;0;0
2013;Sony;84;Distribuição Internacional;14.131.074;18.749;162.044.228,12;213.113;20;1;14;0
2013;Sony/Downtown;84/4904;Codistribuição Internacional-Nacional;200;200;266;266;1;1;0;0
2013;Sony/RioFilme;84/105;Codistribuição Internacional-Nacional;189.113;189.113;1.965.050,95;1.965.051;2;2;1;1
2013;TGD Filmes;68;Distribuição Nacional;4.326;4.326;40.853,73;40.854;1;1;1;1
2013;Tigre Produções Cinematográficas;2234;Distribuição Nacional;16.908;16.908;76.447,52;76.448;1;1;1;1
2013;Tucumán;16132;Distribuição Nacional;25.603;1.857;268.985,95;14.470;9;3;7;2
2013;TV Zero Cinema;4586;Distribuição Nacional;797;797;6.332,82;6.333;1;1;1;1
2013;Universal;169/84/33787;Distribuição Internacional;15.118.609;0;172.077.728,75;0;16;0;12;0
2013;Videofilmes;276;Distribuição Nacional;11.023;11.023;127.590,80;127.591;4;4;3;3
2013;Vilacine;18499;Distribuição Nacional;4.224;4.224;49.805,34;49.805;1;1;1;1
2013;Vinny Filmes;17810;Distribuição Nacional;139.376;12;1.603.927,53;60;8;1;2;0
2013;Vitrine Filmes;16713;Distribuição Nacional;199.973;125.789;2.139.176,74;1.283.591;21;18;15;13
2013;Warner;265;Distribuição Internacional;15.955.979;725.732;198.782.553,63;7.471.327;19;2;12;1
2013;Zazen;611;Distribuição Nacional;775;775;6.272,00;6.272;1;1;1;1
2013;Zeta Filmes;22936;Distribuição Nacional;43.537;0;412.150,04;0;4;0;4;0
2014;Ab Filmes;136;Distribuição Nacional;740;740;9.678,40;9.678;1;1;1;1
2014;Ab Filmes/Polifilmes;136/2550;Distribuição Nacional;90;90;1.110,30;1.110;2;2;0;0
2014;Activity Filmes;309;Distribuição Nacional;94.812;0;1.284.203,10;0;1;0;1;0
2014;Aiuê Filmes;18678;Distribuição Nacional;2.192;2.192;21.416,16;21.416;1;1;1;1
2014;Alphaville Filmes;6418;Distribuição Nacional;366.439;0;4.555.119,60;0;14;0;8;0
2014;ArtHouse;22808;Distribuição Nacional;1.516;1.516;19.711,55;19.712;3;3;2;2
2014;Bela Filmes;18625;Distribuição Nacional;192;192;1.598,34;1.598;1;1;0;0
2014;Biscoito Fino;28161;Distribuição Nacional;2.563;2.563;33.877,00;33.877;1;1;1;1
2014;Boulevard Filmes;17484;Distribuição Nacional;1.071;1.071;5.941,00;5.941;1;1;1;1
2014;Bretz Filmes;19243;Distribuição Nacional;2.356;0;17.274,00;0;1;0;1;0
2014;Busca Vida Filmes;18932;Distribuição Nacional;243;243;3.099,43;3.099;1;1;0;0
2014;Cafco Filmes;24886;Distribuição Nacional;3.430;0;43.372,39;0;3;0;1;0
2014;Caliban;854;Distribuição Nacional;301;301;3.516,04;3.516;1;1;1;1
2014;Califórnia;532;Distribuição Nacional;3.528.794;136.992;41.578.948,14;1.778.907;26;2;19;2
2014;Cavideo Produções;11893;Distribuição Nacional;970;970;4.875,00;4.875;1;1;1;1
2014;Cine Group;2647;Distribuição Nacional;1.514;1.514;21.688,27;21.688;1;1;1;1
2014;Cine Santa Teresa;14200;Distribuição Nacional;355;355;0;0;1;1;0;0
2014;Cinemark Brasil;1843;Distribuição Nacional;132.074;0;1.168.269,44;0;24;0;0;0
2014;Copacabana Filmes;506;Distribuição Nacional;508.901;508.901;6.447.968,11;6.447.968;1;1;1;1
2014;Diamond Films;22724;Distribuição Nacional;2.213.504;0;27.377.218,02;0;17;0;12;0
2014;Disney;18398;Distribuição Internacional;23.255.762;1.776.579;297.043.224,00;20.732.500;29;1;18;1
2014;Downtown;4904;Distribuição Nacional;1.372;1.372;17.486,66;17.487;1;1;1;1
2014;Downtown/Paris;4904/11922;Distribuição Nacional;11.302.757;11.302.757;130.899.741,17;130.899.741;21;21;16;16
2014;E.H. Produções;461;Distribuição Nacional;1.754;1.754;21.364,82;21.365;2;2;1;1
2014;Elo Company;5672;Distribuição Nacional;15.038;15.038;198.519,85;198.520;7;7;7;7
2014;Esfera Produções;18039;Distribuição Nacional;193.002;0;2.291.324,06;0;31;0;13;0
2014;Espaço Filmes;1083;Distribuição Nacional;150.812;115.236;1.745.963,14;1.295.552;27;20;16;13
2014;Espaço Filmes/Videofilmes;1083/276;Distribuição Nacional;18;18;83,5;84;1;1;0;0
2014;Espaço Itaú de Cinema;14006;Distribuição Nacional;620;0;12.844,93;0;1;0;1;0
2014;Europa;2250;Distribuição Nacional;241.591;93.287;2.887.315,15;1.014.063;16;2;11;2
2014;Europa/RioFilme;2250/105;Distribuição Nacional;29;29;160,27;160;1;1;0;0
2014;F. J. Cines;310;Distribuição Nacional;10.326;0;88.022,00;0;3;0;1;0
2014;Filmes da Mostra;1797/29957;Distribuição Nacional;14.662;0;169.528,88;0;9;0;6;0
2014;Fox;256;Distribuição Internacional;35.615.652;705.300;443.380.702,00;8.389.625;32;3;19;2
2014;Grafo Audiovisual;13715;Distribuição Nacional;86;86;334;334;1;1;0;0
2014;Graça Filmes;16514;Distribuição Nacional;325.588;0;3.122.035,74;0;2;0;2;0
2014;H2O Films;24619/21541;Distribuição Nacional;930.680;409.122;10.897.229,15;4.558.997;13;5;12;4
2014;Hype101;25754;Distribuição Nacional;2.120;0;28.318,96;0;1;0;1;0
2014;Ideias Ideais/Nossa Distribuidora;1027;Distribuição Nacional;4.849;4.849;59.878,11;59.878;1;1;1;1
2014;Ideias Maria Farinha;15848;Distribuição Nacional;14.892;14.892;193.057,40;193.057;1;1;1;1
2014;Imagem;1935;Distribuição Nacional;10.268.141;2.280.037;129.219.219,58;27.383.882;38;7;29;6
2014;Imovision;11868/173;Distribuição Nacional;513.466;104.083;6.451.705,83;1.190.491;61;14;29;4
2014;Instituto Via BR;24513;Distribuição Nacional;84;84;586;586;1;1;0;0
2014;Jura Filmes;4946;Distribuição Nacional;120;120;1.021,50;1.022;1;1;0;0
2014;Kinofilmes Produções;232;Distribuição Nacional;12;12;42;42;1;1;0;0
2014;Kinoscópio;2320;Distribuição Nacional;7.563;7.563;80.229,75;80.230;1;1;1;1
2014;Laurence Produções;22511;Distribuição Nacional;2.462;2.462;14.091,52;14.092;1;1;1;1
2014;Livres Filmes;21870;Distribuição Nacional;1.449;1.449;18.590,87;18.591;2;2;2;2
2014;Lotado Filmes;22667;Distribuição Nacional;10.865;10.865;142.564,19;142.564;1;1;1;1
2014;Lume Produções Cinematográficas;11990;Distribuição Nacional;10.614;1.274;110.537,71;5.798;11;2;6;1
2014;Maria Gorda Filmes;14771;Distribuição Nacional;20;20;150;150;1;1;1;1
2014;Nossa Distribuidora;20772;Distribuição Nacional;5.759;5.759;70.112,29;70.112;2;2;2;2
2014;O2 Play;63;Distribuição Nacional;5.211;5.211;66.206,88;66.207;2;2;2;2
2014;Okna Produções;11871;Distribuição Nacional;3.667;3.667;37.165,79;37.166;1;1;1;1
2014;Panda Filmes;941;Distribuição Nacional;1.108;919;12.216,14;10.586;3;2;2;2
2014;Pandora Filmes;12443/333;Distribuição Nacional;88.855;8.484;1.066.351,53;73.326;37;9;12;4
2014;Paramount;169;Distribuição Internacional;16.851.754;0;226.022.810,00;0;10;0;9;0
2014;Paris;11922;Distribuição Nacional;9.817.903;0;119.468.817,52;0;43;0;26;0
2014;Petrini;18028;Distribuição Nacional;ND;ND;ND;ND;1;1;1;1
2014;Pipa Produções;5467;Distribuição Nacional;1.591;1.591;10.167,77;10.168;2;2;1;1
2014;Playarte;443;Distribuição Nacional;2.005.610;0;26.112.526,73;0;12;0;9;0
2014;Polifilmes;2550;Distribuição Nacional;4.954;3.426;61.027,30;43.420;7;4;4;2
2014;Prana Filmes;1226;Distribuição Nacional;39;39;100;100;1;1;0;0
2014;Raconto Produções Artísticas;13044;Distribuição Nacional;91;91;903;903;1;1;1;1
2014;Raiz Distribuidora;11792;Distribuição Nacional;1.526;1.526;18.357,86;18.358;4;4;2;2
2014;Sam Rádio Pictures;16852;Distribuição Nacional;ND;ND;ND;ND;1;1;1;1
2014;Santa Rita Filmes;21756;Distribuição Nacional;25.999;25.999;327.317,11;327.317;1;1;1;1
2014;Signopus;1494;Distribuição Nacional;77;77;184,3;184;1;1;0;0
2014;Sony;84;Distribuição Internacional;11.456.457;892.367;143.481.276,40;9.534.967;21;2;13;2
2014;Tucumán;16132;Distribuição Nacional;100.681;1.028;1.222.759,78;9.045;15;3;9;2
2014;TV Zero Cinema;4586;Distribuição Nacional;1.274;1.274;17.983,50;17.984;1;1;1;1
2014;UCI;749;Distribuição Nacional;4.899;0;129.872,00;0;6;0;6;0
2014;Universal;169/84/33787;Distribuição Internacional;6.033.413;259.247;74.008.635,40;3.040.736;11;1;7;1
2014;Videofilmes;276;Distribuição Nacional;44;44;212;212;2;2;0;0
2014;Vitrine Filmes;16713;Distribuição Nacional;255.299;244.593;2.953.109,51;2.809.754;23;19;9;8
2014;Warner;265;Distribuição Internacional;19.168.700;99.069;248.926.440,00;1.240.111;37;2;18;1
2014;Ze's Produções;22810;Distribuição Nacional;366;366;4.156,00;4.156;1;1;1;1
2014;Zeta Filmes;22936;Distribuição Nacional;19.252;0;230.107,15;0;10;0;6;0
2015;7Estrelo Filmes;1772;Distribuição Nacional;2.721;2.721;33.158,32;33.158;1;1;1;1
2015;ABR Cine Vídeo;15440;Distribuição Nacional;169;169;1.328,08;1.328;1;1;1;1
2015;Agência Observatório;26345;Distribuição Nacional;722;722;11.879,24;11.879;1;1;1;1
2015;Alpha Filmes;5963;Distribuição Nacional;121.075;0;1.648.814,47;0;8;0;8;0
2015;Alphaville Filmes;6418;Distribuição Nacional;399.824;0;5.631.925,87;0;31;0;19;0
2015;Araçá Azul;4701;Distribuição Nacional;427;427;5.338,50;5.339;1;1;1;1
2015;ArtHouse;22808;Distribuição Nacional;16.521;16.521;150.698,29;150.698;3;3;3;3
2015;Bela Filmes;18625;Distribuição Nacional;307;307;3.771,00;3.771;1;1;1;1
2015;Biscoito Fino;28161;Distribuição Nacional;777;777;9.461,00;9.461;1;1;0;0
2015;Bodhgaya Films;17583;Distribuição Nacional;7.680;7.680;114.746,33;114.746;1;1;1;1
2015;Boulevard Filmes;17484;Distribuição Nacional;10.800;10.800;79.344,37;79.344;3;3;3;3
2015;Bretz Filmes;19243;Distribuição Nacional;27.437;0;357.582,77;0;6;0;5;0
2015;Califórnia;532;Distribuição Nacional;1.522.461;0;20.326.905,31;0;36;0;28;0
2015;Camisa Treze;4369;Distribuição Nacional;1.401;1.401;17.391,89;17.392;1;1;1;1
2015;Cazion Films Brasil;31096;Distribuição Nacional;384.735;0;5.014.816,03;0;1;0;1;0
2015;Cine Group;2647;Distribuição Nacional;750;750;9.234,11;9.234;1;1;0;0
2015;Cine Santa Teresa;14200;Distribuição Nacional;5.344;948;67.784,35;12.224;2;1;2;1
2015;Cinemark Brasil;1843;Distribuição Nacional;137.904;359;1.864.673,53;3.246;24;1;6;0
2015;Cinépolis;17266;Distribuição Nacional;7.199;0;88.087,60;0;1;0;1;0
2015;Clarissa Appelt Baptista San Roman;23664;Distribuição Nacional;111;111;1.368,55;1.369;1;1;1;1
2015;Comalt;380;Distribuição Nacional;7.352;7.352;86.229,49;86.229;1;1;1;1
2015;Copacabana Filmes;506;Distribuição Nacional;10.332;10.332;210.134,28;210.134;1;1;1;1
2015;Cultura;1125;Distribuição Nacional;308;308;4.164,00;4.164;1;1;1;1
2015;Daza Filmes;17547;Distribuição Nacional;718;718;6.933,14;6.933;3;3;3;3
2015;Delícia Filmes;18156;Distribuição Nacional;30.141;30.141;362.537,74;362.538;1;1;1;1
2015;Diamond Films;22724;Distribuição Nacional;2.468.321;0;35.371.157,73;0;22;0;15;0
2015;Disney;18398;Distribuição Internacional;29.974.466;0;417.335.567,62;0;37;0;9;0
2015;Downtown;4904;Distribuição Nacional;3.098;3.098;38.837,43;38.837;2;2;2;2
2015;Downtown/Paris;4904/11922;Distribuição Nacional;12.209.393;12.209.393;147.349.606,57;147.349.607;22;22;15;15
2015;Downtown/Paris/RioFilme;4904/11922/105;Distribuição Nacional;47;47;156;156;1;1;0;0
2015;Dunamys Films;21494;Distribuição Nacional;5.112;0;55.335,34;0;1;0;1;0
2015;E.H. Produções;461;Distribuição Nacional;1.574;1.574;13.712,25;13.712;1;1;0;0
2015;Elite Filmes;22364;Distribuição Nacional;6.262;523;90.412,79;6.696;3;1;3;1
2015;Elo Company;5672;Distribuição Nacional;17.710;17.710;225.136,77;225.137;8;8;6;6
2015;Esfera Produções;18039;Distribuição Nacional;109.879;0;1.356.611,60;0;33;0;7;0
2015;Espaço Filmes;1083;Distribuição Nacional;99.465;25.369;1.355.379,59;281.077;25;15;7;2
2015;Espaço Filmes/Videofilmes;1083/276;Distribuição Nacional;14.498;14.498;187.626,54;187.627;1;1;1;1
2015;Espaço Itaú de Cinema;14006;Distribuição Nacional;197;0;4.436,50;0;1;0;0;0
2015;Estrangeira Filmes;21082;Distribuição Nacional;491;491;5.809,00;5.809;1;1;1;1
2015;Europa;2250;Distribuição Nacional;364.680;236.077;4.889.011,56;3.011.379;13;5;8;4
2015;F. J. Cines;310;Distribuição Nacional;18.073;0;227.527,71;0;5;0;0;0
2015;Film Connection/Imovision;5587/11868/173;Distribuição Nacional;38.073;38.073;524.238,74;524.239;1;1;1;1
2015;Filmes da Mostra;1797/29957;Distribuição Nacional;5.106;0;62.396,81;0;5;0;2;0
2015;Filmikka Produções;23256;Distribuição Nacional;243;243;3.301,00;3.301;1;1;1;1
2015;Forte Filmes;12699;Distribuição Nacional;3.517;3.517;49.818,28;49.818;1;1;1;1
2015;Fox;256;Distribuição Internacional;27.476.565;973.744;362.333.813,10;12.484.846;48;3;26;2
2015;Fundação Maurício Grabois;22073;Distribuição Nacional;260;260;4.167,46;4.167;1;1;1;1
2015;Gullane Entretenimento;848;Distribuição Nacional;153;153;2.161,00;2.161;1;1;1;1
2015;H2O Films;24619/21541;Distribuição Nacional;3.585.321;3.422.625;45.402.326,01;43.271.320;9;4;5;3
2015;Imagem;1935;Distribuição Nacional;3.960.151;2.444.370;51.346.333,77;30.115.263;26;9;13;3
2015;Imagem/Conspiração;1935/10;Distribuição Nacional;80.335;80.335;1.026.924,65;1.026.925;1;1;1;1
2015;Imovision;11868/173;Distribuição Nacional;697.928;30.303;10.038.723,63;348.037;85;19;43;5
2015;Internacional Produções de Cinema e Vídeo;4758;Distribuição Nacional;22;22;245,66;246;1;1;1;1
2015;Lagoa Filmes;18072;Distribuição Nacional;3.119;3.119;43.810,37;43.810;1;1;1;1
2015;Lança Filmes;25115;Distribuição Nacional;5.527;3.455;65.980,68;38.563;3;2;3;2
2015;Livres Filmes;21870;Distribuição Nacional;3.275;3.275;32.904,11;32.904;3;3;3;3
2015;Lotado Filmes;22667;Distribuição Nacional;3.478;3.478;36.280,99;36.281;1;1;0;0
2015;Lume Produções Cinematográficas;11990;Distribuição Nacional;725;50;8.582,12;300;4;2;2;1
2015;MA7 Filmes;16758;Distribuição Nacional;385;385;6.253,61;6.254;1;1;1;1
2015;Maria Farinha Filmes;18069;Distribuição Nacional;6.868;5.519;92.160,12;73.783;2;1;2;1
2015;Milocos Entretenimento;21106;Distribuição Nacional;62.250;62.250;951.307,58;951.308;1;1;1;1
2015;Moro Comunicação;5224;Distribuição Nacional;4.363;4.363;46.830,91;46.831;2;2;2;2
2015;Nossa Distribuidora;20772;Distribuição Nacional;4.406;4.406;58.928,76;58.929;6;6;6;6
2015;O2 Play;63;Distribuição Nacional;1.645;1.645;35.167,27;35.167;1;1;1;1
2015;Pandora Filmes;12443/333;Distribuição Nacional;566.193;500.658;7.805.337,64;6.969.523;25;8;9;5
2015;Pansport;29227;Distribuição Nacional;3.449;3.449;37.026,66;37.027;1;1;1;1
2015;Paramount;169;Distribuição Internacional;10.703.927;0;147.901.007,00;0;8;0;5;0
2015;Paris;11922;Distribuição Nacional;14.495.358;0;199.196.922,17;0;48;0;27;0
2015;Pipa Produções;5467;Distribuição Nacional;627;627;4.644,00;4.644;1;1;1;1
2015;Playarte;443;Distribuição Nacional;641.249;0;8.628.107,93;0;11;0;8;0
2015;Plural Filmes Sul;5736;Distribuição Nacional;318;318;4.948,16;4.948;1;1;1;1
2015;Polifilmes;2550;Distribuição Nacional;388;148;3.361,00;1.175;3;1;0;0
2015;Polifilmes/Plateau Filmes;2550/13691;Distribuição Nacional;1.347;1.347;13.902,03;13.902;1;1;1;1
2015;Preta Portê Filmes;16197;Distribuição Nacional;719;719;10.008,88;10.009;1;1;1;1
2015;Raiz Distribuidora;11792;Distribuição Nacional;5.418;5.418;50.322,50;50.323;10;10;6;6
2015;Sesc;2295;Distribuição Nacional;587;587;8.884,83;8.885;1;1;1;1
2015;Sony;84;Distribuição Internacional;10.384.149;97.697;143.403.611,82;1.516.552;18;1;14;1
2015;Supo Mungam Films;28508;Distribuição Nacional;32.402;0;418.138,85;0;10;0;9;0
2015;Tia Maria Filmes;23754;Distribuição Nacional;273;273;3.914,00;3.914;1;1;1;1
2015;Tremè Produções;23364;Distribuição Nacional;1.292;1.292;16.821,65;16.822;1;1;1;1
2015;Tucumán;16132;Distribuição Nacional;78.887;2.341;999.199,23;28.958;16;3;10;1
2015;UCI;749;Distribuição Nacional;29.996;0;830.938,50;0;11;0;10;0
2015;Universal;169/84/33787;Distribuição Internacional;35.954.980;439.446;498.576.453,22;5.159.605;28;2;20;1
2015;Universal Music Brasil;16080;Distribuição Nacional;20.565;0;420.251,66;0;1;0;1;0
2015;Universal/Europa/Elo Company;169/84/33787/2250/5672;Codistribuição Internacional-Nacional;1.637.032;1.637.032;21.108.060,56;21.108.061;1;1;1;1
2015;Urca Filme;1304;Distribuição Nacional;11.965;11.965;178.508,09;178.508;1;1;1;1
2015;Vermelho Profundo;26309;Distribuição Nacional;294;294;2.804,00;2.804;1;1;1;1
2015;Videofilmes;276;Distribuição Nacional;6.689;6.689;74.647,54;74.648;1;1;1;1
2015;Vilacine;18499;Distribuição Nacional;6.932;566;75.503,85;5.843;3;2;2;1
2015;Vinny Filmes;17810;Distribuição Nacional;8.581;8.581;110.064,97;110.065;1;1;1;1
2015;Vitrine Filmes;16713;Distribuição Nacional;104.149;79.865;1.267.417,16;924.789;33;29;13;11
2015;Warner;265;Distribuição Internacional;14.280.018;14.337;202.276.750,00;184.598;30;1;18;1
2015;Zeta Filmes;22936;Distribuição Nacional;110.846;0;1.375.959,69;0;13;0;6;0
2016;2A Produções;33404;Distribuição Nacional;59;59;320;320;1;1;1;1
2016;4 Ventos Comunicação;858;Distribuição Nacional;312;312;2.600,00;2.600;1;1;1;1
2016;7Estrelo Filmes;1772;Distribuição Nacional;69;69;321,75;322;1;1;0;0
2016;Affonso Uchôa;20515;Distribuição Nacional;1.959;1.959;16.904,19;16.904;1;1;1;1
2016;Alpha Filmes;5963;Distribuição Nacional;40.050;0;521.344,30;0;7;0;4;0
2016;Alpha Filmes/Pandora Filmes;5963/12443/333;Distribuição Nacional;38;0;456,47;0;1;0;0;0
2016;Alphaville Filmes;6418;Distribuição Nacional;515.763;0;7.842.748,12;0;33;0;20;0
2016;ArtHouse;22808;Distribuição Nacional;11.928;11.928;153.015,08;153.015;3;3;2;2
2016;Bang Filmes;1126;Distribuição Nacional;5.080;5.080;44.764,81;44.765;1;1;1;1
2016;Blest;29137;Distribuição Nacional;238;238;2.160,00;2.160;1;1;1;1
2016;Bonfilm;14462;Distribuição Nacional;11.967;0;162.426,13;0;1;0;1;0
2016;Boulevard Filmes;17484;Distribuição Nacional;914;914;5.307,00;5.307;5;5;2;2
2016;Bretz Filmes;19243;Distribuição Nacional;13.378;0;164.805,20;0;5;0;3;0
2016;Bretz Filmes/Videofilmes;19243/276;Distribuição Nacional;3.187;3.187;48.018,21;48.018;1;1;1;1
2016;Califórnia;532;Distribuição Nacional;708.807;0;9.867.160,98;0;33;0;19;0
2016;Camisa Treze;4369;Distribuição Nacional;772;0;9.434,00;0;1;0;1;0
2016;Cazion Films Brasil;31096;Distribuição Nacional;223.468;0;3.126.790,28;0;2;0;1;0
2016;Cazumbá Filmes;32206;Distribuição Nacional;247;247;2.635,08;2.635;1;1;1;1
2016;Cigano Filmes;21108;Distribuição Nacional;3.368;3.368;33.682,11;33.682;1;1;1;1
2016;Cine Group;2647;Distribuição Nacional;698;698;5.801,88;5.802;1;1;1;1
2016;Cineart Filmes;33340;Distribuição Nacional;4.360;1.601;51.830,41;17.492;2;1;2;1
2016;Cineluz Produções;1053;Distribuição Nacional;592;592;7.139,27;7.139;1;1;1;1
2016;Cinemark Brasil;1843;Distribuição Nacional;32.068;0;502.659,36;0;17;0;1;0
2016;Cinépolis;17266;Distribuição Nacional;12.722;0;199.975,69;0;3;0;3;0
2016;Clarissa Appelt Baptista San Roman;23664;Distribuição Nacional;31;31;120;120;1;1;0;0
2016;Com Domínio Filmes;16431;Distribuição Nacional;1.206;1.206;17.546,91;17.547;1;1;1;1
2016;Comalt;380;Distribuição Nacional;225;225;3.511,89;3.512;2;2;1;1
2016;Conexão Cultural;22060;Distribuição Nacional;11.280;11.280;129.821,66;129.822;2;2;2;2
2016;Cultura;1125;Distribuição Nacional;55;55;268;268;1;1;0;0
2016;Cultura Maior;22903;Distribuição Nacional;62;62;870,1;870;1;1;1;1
2016;CV&F;7024;Distribuição Nacional;53.801;53.801;723.846,79;723.847;1;1;1;1
2016;Diamond Films;22724;Distribuição Nacional;2.133.871;187.015;31.939.855,39;2.801.547;17;1;14;1
2016;Dilúvio Filmes;19176;Distribuição Nacional;1.875;1.875;15.140,15;15.140;1;1;1;1
2016;Disney;18398;Distribuição Internacional;39.058.991;153.234;572.064.184,00;1.935.131;32;1;15;1
2016;DM Filmes;5816;Distribuição Nacional;339;339;3.547,10;3.547;1;1;1;1
2016;Documenta Produções;335;Distribuição Nacional;530;530;4.657,77;4.658;2;2;1;1
2016;Downtown;4904;Distribuição Nacional;180;180;2.354,76;2.355;1;1;0;0
2016;Downtown/Paris;4904/11922;Distribuição Nacional;24.826.107;24.826.107;289.438.135,46;289.438.135;22;22;19;19
2016;E.H. Produções;461;Distribuição Nacional;836;836;9.472,18;9.472;1;1;1;1
2016;Elite Filmes;22364;Distribuição Nacional;9.159;1.988;127.775,88;25.203;5;2;5;2
2016;Elo Company;5672;Distribuição Nacional;43.373;43.373;622.283,28;622.283;6;6;4;4
2016;Esfera Produções;18039;Distribuição Nacional;69.101;15.324;915.398,76;209.171;24;1;7;1
2016;Espaço Filmes;1083;Distribuição Nacional;44.365;37.207;546.877,63;456.905;8;6;1;1
2016;Estação Luz Filmes;1591;Distribuição Nacional;1.912;0;21.342,54;0;1;0;1;0
2016;Estrangeira Filmes;21082;Distribuição Nacional;14;14;140;140;1;1;0;0
2016;Europa;2250;Distribuição Nacional;71.085;71.085;1.016.161,89;1.016.162;10;10;9;9
2016;Europa/Vinny filmes;2250/17810;Distribuição Nacional;12.147;12.147;167.481,20;167.481;1;1;1;1
2016;F. J. Cines;310;Distribuição Nacional;8.230;0;90.292,23;0;10;0;0;0
2016;Film Connection/Imovision;5587/11868/173;Distribuição Nacional;2;2;23,4;23;1;1;0;0
2016;Filmes da Mostra;1797/29957;Distribuição Nacional;8.232;0;88.537,60;0;8;0;3;0
2016;Flix Media;34385;Distribuição Nacional;24.832;24.832;358.359,07;358.359;1;1;1;1
2016;Fox;256;Distribuição Internacional;30.067.672;227.826;426.992.965,47;3.205.158;29;2;14;1
2016;Fundação Maurício Grabois;22073;Distribuição Nacional;182;182;2.042,26;2.042;1;1;0;0
2016;Fênix Filmes;31931;Distribuição Nacional;131.667;7.897;1.896.752,94;88.388;13;2;13;2
2016;Gatacine;1846;Distribuição Nacional;1.641;1.641;23.196,64;23.197;1;1;1;1
2016;H2O Films;24619/21541;Distribuição Nacional;300.612;65.682;3.896.024,69;881.273;3;2;3;2
2016;Heavy Bunker;14167;Distribuição Nacional;533;533;8.447,55;8.448;1;1;1;1
2016;Imagem;1935;Distribuição Nacional;5.895.255;3.197.486;81.263.187,12;40.889.679;28;8;20;7
2016;Imovision;11868/173;Distribuição Nacional;402.887;49.771;5.946.795,91;594.586;74;6;36;3
2016;Infinito Produções;1206;Distribuição Nacional;5.955;5.955;82.195,08;82.195;1;1;1;1
2016;Inquieta Cinema Cultura e Comunicação;29984;Distribuição Nacional;2.822;2.822;19.675,80;19.676;2;2;2;2
2016;Internacional Produções de Cinema e Vídeo;4758;Distribuição Nacional;36;36;520,64;521;1;1;0;0
2016;Jacqueline Filmes/Livres Filmes;22085/21870;Distribuição Nacional;478;478;6.344,44;6.344;1;1;1;1
2016;Lança Filmes;25115;Distribuição Nacional;4.127;3.252;46.431,78;36.587;7;6;3;3
2016;Lauper;1002;Distribuição Nacional;18;18;282,73;283;1;1;1;1
2016;LC Barreto Filmes;43;Distribuição Nacional;204;204;2.919,50;2.920;1;1;1;1
2016;Livres Filmes;21870;Distribuição Nacional;2.947;2.947;26.093,25;26.093;4;4;3;3
2016;Lotado Filmes;22667;Distribuição Nacional;63;63;437;437;1;1;0;0
2016;Lume Produções Cinematográficas;11990;Distribuição Nacional;762;433;8.526,22;4.604;3;2;2;1
2016;Luz XXI;406;Distribuição Nacional;196;196;2.905,88;2.906;1;1;1;1
2016;Maria da Graça Hughes;34250;Distribuição Nacional;1.660;1.660;22.999,00;22.999;1;1;1;1
2016;Maria Farinha Filmes;18069;Distribuição Nacional;35.194;35.194;234.170,91;234.171;1;1;1;1
2016;Maverick;4518;Distribuição Nacional;1.141;0;16.942,56;0;1;0;1;0
2016;Milocos Entretenimento;21106;Distribuição Nacional;4.811;4.811;49.975,00;49.975;1;1;0;0
2016;Mira Filmes;17344;Distribuição Nacional;241;241;2.042,63;2.043;1;1;1;1
2016;Moro Comunicação;5224;Distribuição Nacional;76;76;597;597;1;1;0;0
2016;Nossa Distribuidora;20772;Distribuição Nacional;459;459;2.504,00;2.504;1;1;0;0
2016;O2 Play;63;Distribuição Nacional;10.660;10.660;140.584,94;140.585;4;4;4;4
2016;Olé Produções;15892;Distribuição Nacional;240;240;3.155,83;3.156;1;1;1;1
2016;Pandora Filmes;12443/333;Distribuição Nacional;237.569;18.020;3.560.833,00;241.157;24;9;14;6
2016;Paramount;169;Distribuição Internacional;6.385.623;0;95.517.233,00;0;16;0;12;0
2016;Paris;11922;Distribuição Nacional;8.372.671;1.297;114.148.242,02;20.568;32;1;26;1
2016;Pipa Produções;5467;Distribuição Nacional;392;392;4.791,27;4.791;1;1;1;1
2016;Pipoca & Filmes/Forte Filmes;31411/12699;Distribuição Nacional;9.541;9.541;133.956,00;133.956;1;1;1;1
2016;Pique-Bandeira Filmes;22312;Distribuição Nacional;473;473;2.936,00;2.936;1;1;1;1
2016;Playarte;443;Distribuição Nacional;471.931;0;6.823.668,00;0;13;0;10;0
2016;Polifilmes;2550;Distribuição Nacional;215;215;1.634,00;1.634;2;2;2;2
2016;Ponto de Equilíbrio;13831;Distribuição Nacional;390;390;2.828,49;2.828;1;1;1;1
2016;Primo Filmes;1880;Distribuição Nacional;312;312;3.913,00;3.913;1;1;1;1
2016;Rafaela Gonçalves;29112;Distribuição Nacional;69.753;69.753;893.822,57;893.823;1;1;1;1
2016;Raiz Distribuidora;11792;Distribuição Nacional;1.471;1.471;14.428,81;14.429;6;6;2;2
2016;Sant'Ana Filmes;16846;Distribuição Nacional;230;230;2.775,64;2.776;1;1;1;1
2016;Sato Company;22000;Distribuição Nacional;14.592;0;200.762,88;0;3;0;3;0
2016;Sony;84;Distribuição Internacional;10.963.716;50.473;158.980.855,35;734.043;35;2;23;1
2016;Supo Mungam Films;28508;Distribuição Nacional;30.223;0;424.727,12;0;17;0;14;0
2016;Telenews;6;Distribuição Nacional;47;47;270;270;1;1;0;0
2016;Tigre Produções Cinematográficas;2234;Distribuição Nacional;16.132;16.132;80.640,50;80.641;1;1;1;1
2016;Trator Filmes;12965;Distribuição Nacional;114;114;1.520,34;1.520;1;1;1;1
2016;Tremè Produções;23364;Distribuição Nacional;517;517;4.836,01;4.836;1;1;0;0
2016;Tucumán;16132;Distribuição Nacional;4.909;3.840;51.584,67;40.145;6;2;1;1
2016;UCI;749;Distribuição Nacional;6.845;0;196.126,00;0;6;0;0;0
2016;Universal;169/84/33787;Distribuição Internacional;15.925.924;0;231.652.938,48;0;33;0;25;0
2016;Universal Music Brasil;16080;Distribuição Nacional;222;0;3.675,00;0;1;0;0;0
2016;Universal/Europa/Elo Company;169/84/33787/2250/5672;Codistribuição Internacional-Nacional;1.240;1.240;11.006,35;11.006;1;1;0;0
2016;Vilacine;18499;Distribuição Nacional;275;275;2.758,00;2.758;1;1;0;0
2016;Vitrine Filmes;16713;Distribuição Nacional;480.876;457.896;6.893.881,11;6.576.738;40;34;15;11
2016;Walper Ruas;1572;Distribuição Nacional;5.197;5.197;66.005,52;66.006;1;1;1;1
2016;Warner;265;Distribuição Internacional;36.387.021;674.447;536.615.467,00;9.220.289;29;2;20;2
2016;Zazen;611;Distribuição Nacional;2.663;2.663;42.132,53;42.133;1;1;1;1
2016;Zeta Filmes;22936;Distribuição Nacional;84.711;0;1.144.271,14;0;17;0;8;0
2016;Águas de Março Filmes;19054;Distribuição Nacional;5.141;5.141;64.085,11;64.085;1;1;1;1
2017;4 Ventos Comunicação;858;Distribuição Nacional;271;271;3.288,15;3.288;1;1;0;0
2017;Accorde Audiovisuais;1403;Distribuição Nacional;93;93;665;665;1;1;1;1
2017;Alex Pires Duarte;34335;Distribuição Nacional;3.870;3.870;52.979,63;52.980;1;1;1;1
2017;Alpha Filmes;5963;Distribuição Nacional;46;0;271,36;0;1;0;0;0
2017;Alpha Filmes/Pandora Filmes;5963/12443/333;Distribuição Nacional;10.568;0;143.516,95;0;3;0;3;0
2017;Alphaville Filmes;6418;Distribuição Nacional;263.375;0;3.676.727,50;0;30;0;20;0
2017;Alphaville Filmes/Alpha Filmes;6418/5963;Distribuição Nacional;9.170;0;116.646,56;0;2;0;2;0
2017;ArtHouse;22808;Distribuição Nacional;10.697;10.697;118.233,09;118.233;4;4;4;4
2017;Bela Filmes;18625;Distribuição Nacional;290;290;1.417,50;1.418;1;1;1;1
2017;Bonfilm;14462;Distribuição Nacional;12.652;0;167.463,75;0;3;0;3;0
2017;Boulevard Filmes;17484;Distribuição Nacional;28;28;247;247;1;1;0;0
2017;Bretz Filmes;19243;Distribuição Nacional;13.210;13.126;230.267,01;229.717;3;2;2;2
2017;Bretz Filmes/Pagu Pictures;19243/38312;Distribuição Nacional;41.314;41.314;685.647,29;685.647;1;1;1;1
2017;Califórnia;532;Distribuição Nacional;934.445;64;15.028.589,19;604;27;1;21;0
2017;Casa de Cinema de Porto Alegre;133;Distribuição Nacional;2.041;2.041;25.791,53;25.792;2;2;2;2
2017;Cavideo Produções;11893;Distribuição Nacional;160;160;2.386,06;2.386;1;1;1;1
2017;Cigano Filmes;21108;Distribuição Nacional;158;158;973,5;974;1;1;0;0
2017;Cineart Filmes;33340;Distribuição Nacional;180.121;0;2.715.673,23;0;11;0;10;0
2017;Cinecolor do Brasil;2631;Distribuição Nacional;45.488;0;757.387,84;0;3;0;1;0
2017;Cinemark Brasil;1843;Distribuição Nacional;6.515;0;135.103,49;0;2;0;0;0
2017;Cinépolis;17266;Distribuição Nacional;874;0;8.381,88;0;1;0;1;0
2017;Com Domínio Filmes;16431;Distribuição Nacional;408;408;6.105,91;6.106;1;1;1;1
2017;Complô;16669;Distribuição Nacional;160;160;1.650,29;1.650;1;1;1;1
2017;Contents 360;27376;Distribuição Nacional;114;0;2.127,64;0;1;0;1;0
2017;Cultura;1125;Distribuição Nacional;784;784;11.842,49;11.842;1;1;1;1
2017;CV&F;7024;Distribuição Nacional;36;36;270;270;1;1;0;0
2017;Daza Filmes;17547;Distribuição Nacional;347;347;4.070,47;4.070;1;1;1;1
2017;Deberton Entretenimento;16822;Distribuição Nacional;283;283;1.830,00;1.830;1;1;1;1
2017;Diamond Films;22724;Distribuição Nacional;2.059.444;40;34.057.108,84;421;19;1;17;0
2017;Dilúvio Filmes;19176;Distribuição Nacional;37;37;210;210;1;1;0;0
2017;Disney;18398;Distribuição Internacional;33.620.937;3.337;519.569.006,00;52.203;17;1;8;1
2017;Documenta Produções;335;Distribuição Nacional;33;33;132;132;1;1;1;1
2017;Downtown/Paris;4904/11922;Distribuição Nacional;13.184.044;13.184.044;181.905.761,31;181.905.761;22;22;19;19
2017;E.H. Produções;461;Distribuição Nacional;55;55;681;681;1;1;0;0
2017;Ebisu Filmes;25254;Distribuição Nacional;83;83;912,96;913;1;1;1;1
2017;Elite Filmes;22364;Distribuição Nacional;1.184;0;14.296,87;0;4;0;2;0
2017;Elo Company;5672;Distribuição Nacional;7.069;7.069;104.310,16;104.310;7;7;6;6
2017;Esfera Produções;18039;Distribuição Nacional;44.151;0;626.597,80;0;7;0;5;0
2017;Espaço dos Satyros;34282;Distribuição Nacional;823;823;12.251,00;12.251;1;1;1;1
2017;Espaço Filmes;1083;Distribuição Nacional;45.369;0;705.740,71;0;5;0;5;0
2017;Europa;2250;Distribuição Nacional;103.590;13.138;1.592.968,83;198.036;6;2;6;2
2017;F. J. Cines;310;Distribuição Nacional;4.635;0;43.095,00;0;9;0;0;0
2017;Film Connection;5587;Distribuição Nacional;42.128;42.128;586.066,45;586.066;2;2;2;2
2017;Filmes da Mostra;1797/29957;Distribuição Nacional;2.783;0;25.938,05;0;7;0;2;0
2017;Filmes de Vagabundo;26306;Distribuição Nacional;235;235;2.120,00;2.120;1;1;1;1
2017;Flix Media;34385;Distribuição Nacional;22.081;0;490.751,18;0;2;0;1;0
2017;Fox;256;Distribuição Internacional;19.433.963;324.996;293.282.865,54;4.447.116;24;2;17;2
2017;Fênix Filmes;31931;Distribuição Nacional;72.999;0;1.118.675,31;0;11;0;6;0
2017;Gávea Filmes e Produções/Pipoca & Filmes;7128/31411;Distribuição Nacional;1.638;1.638;19.889,08;19.889;1;1;1;1
2017;H2O Films;24619/21541;Distribuição Nacional;811.942;657.860;11.384.264,14;9.002.897;9;3;8;3
2017;H2O Films/Sony;24619/21541/84;Codistribuição Internacional-Nacional;58.453;58.453;938.543,45;938.543;1;1;1;1
2017;H2O Films/Universal;24619/21541/169/84/33787;Codistribuição Internacional-Nacional;401.960;401.960;5.594.424,97;5.594.425;1;1;1;1
2017;Imagem;1935;Distribuição Nacional;2.176.320;809.445;32.940.421,23;11.268.587;26;10;20;8
2017;Imagem-Tempo;1762;Distribuição Nacional;3.532;3.532;47.218,51;47.219;1;1;1;1
2017;Imovision;11868/173;Distribuição Nacional;742.357;228.240;11.573.060,64;3.810.696;59;5;33;3
2017;Indiana Produções Cinematográficas;2802;Distribuição Nacional;91;91;1.469,42;1.469;1;1;1;1
2017;Inquieta Cinema Cultura e Comunicação;29984;Distribuição Nacional;1.062;1.062;9.401,35;9.401;2;2;2;2
2017;Inquietude;26781;Distribuição Nacional;2.237;2.237;23.846,70;23.847;1;1;1;1
2017;Josias Teófilo;33437;Distribuição Nacional;14.840;14.840;272.691,71;272.692;1;1;1;1
2017;Lança Filmes;25115;Distribuição Nacional;5.195;530;70.359,91;5.266;8;6;3;2
2017;Livres Filmes;21870;Distribuição Nacional;3.451;3.451;41.116,83;41.117;6;6;6;6
2017;Lume Produções Cinematográficas;11990;Distribuição Nacional;6.742;6.742;68.393,95;68.394;2;2;2;2
2017;LumoLab;33148;Distribuição Nacional;193;193;3.370,00;3.370;1;1;1;1
2017;Marcelo Machado;13558;Distribuição Nacional;810;810;9.235,02;9.235;1;1;1;1
2017;Maria da Graça Hughes;34250;Distribuição Nacional;1.389;1.389;17.148,00;17.148;1;1;0;0
2017;Maria Farinha Filmes;18069;Distribuição Nacional;2.861;2.827;34.989,42;34.809;2;1;1;1
2017;Modo Operante Produções;2719;Distribuição Nacional;522;522;7.020,45;7.020;2;2;2;2
2017;Moro Comunicação;5224;Distribuição Nacional;2.180;2.180;23.575,07;23.575;1;1;1;1
2017;Mosquito Project;6346;Distribuição Nacional;43;43;1.137,50;1.138;1;1;1;1
2017;O2 Play;63;Distribuição Nacional;11.224;11.224;148.988,39;148.988;7;7;5;5
2017;Okna Produções;11871;Distribuição Nacional;496;0;5.858,70;0;1;0;1;0
2017;Olhar Distribuição;37242;Distribuição Nacional;2.813;2.813;25.442,08;25.442;2;2;2;2
2017;Olé Produções;15892;Distribuição Nacional;530;530;8.580,10;8.580;1;1;1;1
2017;Osmose Filmes;23336;Distribuição Nacional;390;390;4.453,70;4.454;1;1;1;1
2017;Ouidah Films;28781;Distribuição Nacional;488;488;6.554,13;6.554;1;1;1;1
2017;Panda Filmes;941;Distribuição Nacional;16.408;16.408;240.713,27;240.713;1;1;1;1
2017;Pandora Filmes;12443/333;Distribuição Nacional;131.467;3.593;1.849.628,32;44.393;22;7;15;5
2017;Paramount;169;Distribuição Internacional;9.165.202;0;136.547.949,00;0;18;0;12;0
2017;Paris;11922;Distribuição Nacional;15.520.326;144;223.162.050,44;2.669;42;2;30;1
2017;Paris/O2 Play;11922/63;Distribuição Nacional;6.280;6.280;77.573,34;77.573;1;1;1;1
2017;Pindorama Filmes;813;Distribuição Nacional;120;120;2.260,15;2.260;1;1;1;1
2017;Pipa Produções;5467;Distribuição Nacional;76;76;850,8;851;1;1;1;1
2017;Pipoca & Filmes/Forte Filmes;31411/12699;Distribuição Nacional;845;845;11.623,73;11.624;1;1;0;0
2017;Pique-Bandeira Filmes;22312;Distribuição Nacional;602;602;3.760,03;3.760;1;1;1;1
2017;Playarte;443;Distribuição Nacional;472.066;0;6.717.836,38;0;6;0;5;0
2017;Polifilmes;2550;Distribuição Nacional;40;40;206;206;2;2;0;0
2017;Polifilmes/Spcine;2550/32360;Distribuição Nacional;188;188;2.225,58;2.226;2;2;2;2
2017;Ponto de Equilíbrio;13831;Distribuição Nacional;7;7;63;63;1;1;1;1
2017;RioFilme;105;Distribuição Nacional;3.964;3.964;44.269,51;44.270;1;1;1;1
2017;RT Features;15543;Distribuição Nacional;451;0;6.700,20;0;1;0;1;0
2017;Santa Luzia Filmes;13269;Distribuição Nacional;461;461;5.858,28;5.858;1;1;1;1
2017;Sant'Ana Filmes;16846;Distribuição Nacional;89;89;986,12;986;1;1;0;0
2017;Sato Company;22000;Distribuição Nacional;94;0;940;0;1;0;0;0
2017;Sequência Produções Artisticas;1044;Distribuição Nacional;342;342;4.265,39;4.265;1;1;1;1
2017;Sereia Filmes;13753;Distribuição Nacional;4.207;4.207;39.101,34;39.101;1;1;1;1
2017;Sony;84;Distribuição Internacional;16.525.344;87.730;254.080.500,33;1.517.161;31;2;19;1
2017;Supo Mungam Films;28508;Distribuição Nacional;83.070;0;1.262.818,09;0;13;0;9;0
2017;Taus Audiovisuais;931;Distribuição Nacional;22;22;220,35;220;1;1;1;1
2017;TB Produções;639;Distribuição Nacional;746;746;11.272,72;11.273;1;1;1;1
2017;Tucumán;16132;Distribuição Nacional;16.116;16.068;221.765,47;221.354;7;5;4;4
2017;TV Meio Ambiente;20873;Distribuição Nacional;912;912;14.606,10;14.606;1;1;1;1
2017;UCI;749;Distribuição Nacional;9.900;0;239.902,00;0;5;0;1;0
2017;UMES;15603;Distribuição Nacional;110;0;1.666,00;0;1;0;1;0
2017;Universal;169/84/33787;Distribuição Internacional;33.443.010;0;493.840.490,50;0;20;0;15;0
2017;Videofilmes;276;Distribuição Nacional;15.958;15.958;236.324,04;236.324;1;1;1;1
2017;Vilacine;18499;Distribuição Nacional;2.007;0;21.494,96;0;1;0;1;0
2017;Vitrine Filmes;16713;Distribuição Nacional;545.901;535.647;7.119.275,76;6.972.499;61;57;27;26
2017;Warner;265;Distribuição Internacional;30.726.837;768.324;469.321.991,00;11.008.553;25;3;17;2
2017;Zahir Company;34269;Distribuição Nacional;32.053;32.053;451.907,65;451.908;1;1;1;1
2017;Zeta Filmes;22936;Distribuição Nacional;64.217;0;800.876,03;0;31;0;10;0
2017;Águas de Março Filmes;19054;Distribuição Nacional;49;49;265;265;1;1;0;0
2018;A2 Filmes;34811;Distribuição Nacional;22.028;0;324.281,00;0;2;0;2;0
2018;Accorde Audiovisuais;1403;Distribuição Nacional;150;150;990;990;2;2;2;2
2018;Alex Pires Duarte;34335;Distribuição Nacional;947;947;10.500,00;10.500;1;1;0;0
2018;Alpha Filmes;5963;Distribuição Nacional;43.627;0;644.304,00;0;2;0;2;0
2018;Alphaville Filmes;6418;Distribuição Nacional;5.454;0;64.905,00;0;13;0;0;0
2018;Alphaville Filmes/Alpha Filmes;6418/5963;Distribuição Nacional;30;0;388;0;1;0;0;0
2018;Anagrama Filmes;38807;Distribuição Nacional;343.770;0;4.984.386,00;0;1;0;1;0
2018;Arco Audiovisual;36329;Distribuição Nacional;10.523;10.523;120.842,00;120.842;1;1;1;1
2018;Arcoplex;24035;Distribuição Nacional;1.970;0;28.933,00;0;1;0;1;0
2018;ArtHouse;22808;Distribuição Nacional;14.534;14.534;197.539,00;197.539;7;7;5;5
2018;Bang Filmes;1126;Distribuição Nacional;1.037;1.037;7.242,00;7.242;1;1;1;1
2018;Bela Filmes;18625;Distribuição Nacional;1.251;1.251;11.961,00;11.961;1;1;1;1
2018;Bizum;1013;Distribuição Nacional;154;154;847;847;2;2;2;2
2018;Bond's Filmes;28525;Distribuição Nacional;167;167;2.305,00;2.305;1;1;1;1
2018;Bonfilm;14462;Distribuição Nacional;21.131;0;308.114,00;0;7;0;5;0
2018;Boulevard Filmes;17484;Distribuição Nacional;5.488;5.488;61.075,00;61.075;3;3;3;3
2018;Boutique Filmes;22631;Distribuição Nacional;359;359;5.592,00;5.592;1;1;1;1
2018;Brasil 1500;299;Distribuição Nacional;2.826;2.826;40.660,00;40.660;2;2;1;1
2018;Bretz Filmes;19243;Distribuição Nacional;3.351;3.351;45.420,00;45.420;3;3;2;2
2018;Bretz Filmes/Pagu Pictures;19243/38312;Distribuição Nacional;3.302;3.302;50.893,00;50.893;2;2;1;1
2018;Caliban;854;Distribuição Nacional;4.720;4.720;65.100,00;65.100;1;1;1;1
2018;Califórnia;532;Distribuição Nacional;639.031;8.517;10.360.140,00;121.650;21;1;18;1
2018;Califórnia/Diamond Films;532/22724;Distribuição Nacional;3.651;0;58.110,00;0;1;0;1;0
2018;Califórnia/Taturana;532/38699;Distribuição Nacional;65;65;779;779;1;1;1;1
2018;Cavideo Produções;11893;Distribuição Nacional;551;551;8.674,00;8.674;3;3;3;3
2018;Cineart Filmes;33340;Distribuição Nacional;130.719;0;1.943.141,00;0;11;0;7;0
2018;Cinecolor do Brasil;2631;Distribuição Nacional;2.493;0;53.324,00;0;1;0;1;0
2018;Cinemark Brasil;1843;Distribuição Nacional;112.174;0;1.796.451,00;0;1;0;1;0
2018;Com Domínio Filmes;16431;Distribuição Nacional;332;332;4.991,00;4.991;1;1;1;1
2018;Complô;16669;Distribuição Nacional;25;25;160;160;1;1;0;0
2018;Copa Filmes;16573;Distribuição Nacional;322;322;4.202,00;4.202;1;1;1;1
2018;Dada' N Zen Produções;25356;Distribuição Nacional;489;489;7.435,00;7.435;1;1;1;1
2018;Descoloniza Filmes;15977;Distribuição Nacional;4.231;1.765;60.113,00;26.517;4;2;4;2
2018;Diamond Films;22724;Distribuição Nacional;1.452.865;0;23.680.851,00;0;28;0;24;0
2018;Disney;18398;Distribuição Internacional;39.826.492;0;632.651.421,00;0;26;0;10;0
2018;DM Filmes;5816;Distribuição Nacional;220;220;2.707,00;2.707;1;1;1;1
2018;Downtown;4904;Distribuição Nacional;287.947;287.947;4.112.379,00;4.112.379;2;2;2;2
2018;Downtown/Paris;4904/11922;Distribuição Nacional;20.987.198;20.987.198;244.228.768,00;244.228.768;16;16;12;12
2018;Elo Company;5672;Distribuição Nacional;36.355;36.355;384.407,00;384.407;16;16;16;16
2018;Embaúba Filmes;23638;Distribuição Nacional;147;147;1.100,00;1.100;1;1;1;1
2018;Embaúba Filmes/Pique-Bandeira Filmes;23638/22312;Distribuição Nacional;11.749;11.749;157.981,00;157.981;1;1;1;1
2018;Engady Cine Vídeo;2935;Distribuição Nacional;340;340;4.323,00;4.323;1;1;1;1
2018;Erika Fromm;17028;Distribuição Nacional;1.406;0;24.854,00;0;1;0;1;0
2018;Esfera Produções;18039;Distribuição Nacional;8.701;0;133.649,00;0;5;0;3;0
2018;Espaço dos Satyros;34282;Distribuição Nacional;1.718;1.718;21.637,00;21.637;1;1;0;0
2018;Espaço Filmes;1083;Distribuição Nacional;17.712;8.563;301.306,00;142.753;7;4;6;4
2018;Espiral;22820;Distribuição Nacional;205;205;2.661,00;2.661;1;1;1;1
2018;Estação Luz Filmes;1591;Distribuição Nacional;9.541;9.541;141.001,00;141.001;1;1;1;1
2018;Europa;2250;Distribuição Nacional;54.985;1.019;806.819,00;13.074;4;3;1;1
2018;F. J. Cines;310;Distribuição Nacional;5.006;0;58.256,00;0;10;0;4;0
2018;Filmes da Mostra;1797/29957;Distribuição Nacional;238;0;2.499,00;0;7;0;0;0
2018;Fox;256;Distribuição Internacional;16.206.485;292.828;252.147.888,00;4.183.092;23;2;16;1
2018;Fênix Filmes;31931;Distribuição Nacional;37.192;0;519.571,00;0;6;0;4;0
2018;Fênix Filmes/Tucumán;31931/16132;Distribuição Nacional;10.001;5.526;157.466,00;86.119;2;1;2;1
2018;Griot Produções;22370;Distribuição Nacional;45;45;640;640;2;2;2;2
2018;Gullane Entretenimento;848;Distribuição Nacional;9.133;9.133;130.030,00;130.030;1;1;1;1
2018;H2O Films;24619/21541;Distribuição Nacional;67.127;62.439;1.067.057,00;999.412;4;3;4;3
2018;Imagem;1935;Distribuição Nacional;2.107.130;628.351;30.805.629,00;9.197.686;20;6;15;6
2018;Imagem/Califórnia;1935/532;Distribuição Nacional;1.184.514;0;17.863.152,00;0;6;0;6;0
2018;Imovision;11868/173;Distribuição Nacional;503.675;66.264;8.029.431,00;1.025.772;59;9;38;7
2018;Inquieta Cinema Cultura e Comunicação;29984;Distribuição Nacional;2.265;2.265;19.699,00;19.699;4;4;3;3
2018;Interagir Cultural;39351;Distribuição Nacional;1.207;1.207;10.797,00;10.797;1;1;1;1
2018;It Filmes;15829;Distribuição Nacional;2.836;2.836;43.868,00;43.868;1;1;1;1
2018;Ivin Films;37407;Distribuição Nacional;3.749;3.749;86.109,00;86.109;1;1;1;1
2018;Kinopus;4021;Distribuição Nacional;1.067;1.067;10.261,00;10.261;1;1;1;1
2018;Lança Filmes;25115;Distribuição Nacional;69.336;8.491;739.728,00;106.773;6;3;4;1
2018;Latinamerica Entretenimento Internacional;15368;Distribuição Nacional;750;750;9.401,00;9.401;4;4;4;4
2018;Lira Filmes;28406;Distribuição Nacional;2.286;2.286;31.830,00;31.830;1;1;1;1
2018;Livres Filmes;21870;Distribuição Nacional;3.964;3.964;48.333,00;48.333;3;3;2;2
2018;Lume Produções Cinematográficas;11990;Distribuição Nacional;66;66;450;450;1;1;0;0
2018;Mac Comunicação;281;Distribuição Nacional;689;689;7.506,00;7.506;1;1;1;1
2018;Mares Filmes/A2 Filmes;3752/34811;Distribuição Nacional;149.082;0;2.363.946,00;0;7;0;7;0
2018;Mercúrio Produções;1436;Distribuição Nacional;5.121;5.121;69.773,00;69.773;1;1;1;1
2018;Mira Filmes;17344;Distribuição Nacional;199;199;769;769;1;1;1;1
2018;Miração Filmes;1860;Distribuição Nacional;375;375;4.298,00;4.298;1;1;1;1
2018;Modo Operante Produções;2719;Distribuição Nacional;22;22;233;233;1;1;0;0
2018;Moro Comunicação;5224;Distribuição Nacional;1.343;42;14.797,00;327;2;1;1;0
2018;Muk Produções/Enkapothado;19985/6550;Distribuição Nacional;573;573;10.049,00;10.049;1;1;1;1
2018;Máquina Filmes;1191;Distribuição Nacional;2.538;2.538;24.710,00;24.710;1;1;1;1
2018;Nozes Produções;38830;Distribuição Nacional;6;6;70;70;1;1;1;1
2018;O2 Play;63;Distribuição Nacional;43.569;43.569;570.486,00;570.486;9;9;8;8
2018;Okna Produções;11871;Distribuição Nacional;198;0;1.569,00;0;1;0;0;0
2018;Olhar Distribuição;37242;Distribuição Nacional;28.103;28.103;364.332,00;364.332;5;5;2;2
2018;Olé Produções;15892;Distribuição Nacional;125;125;1.831,00;1.831;1;1;0;0
2018;Pagu Pictures;38312;Distribuição Nacional;85.282;47.430;1.372.586,00;752.411;6;4;6;4
2018;Paleotv;4958;Distribuição Nacional;1.355;1.355;10.352,00;10.352;1;1;1;1
2018;Panda Filmes;941;Distribuição Nacional;1.178;1.178;17.097,00;17.097;1;1;1;1
2018;Pandora Filmes;12443/333;Distribuição Nacional;193.761;11.168;3.037.715,00;143.800;22;7;15;5
2018;Paramount;169;Distribuição Internacional;5.995.439;0;97.328.996,00;0;12;0;7;0
2018;Paris;11922;Distribuição Nacional;7.350.802;992.366;107.147.833,00;14.145.325;37;5;28;5
2018;Pietà Filmes;20926;Distribuição Nacional;394;394;7.020,00;7.020;1;1;1;1
2018;Pipa Produções;5467;Distribuição Nacional;1.758;1.758;13.551,00;13.551;2;2;1;1
2018;Pipoca & Filmes;31411;Distribuição Nacional;4.100;4.100;52.066,00;52.066;2;2;2;2
2018;Playarte;443;Distribuição Nacional;358.610;0;5.079.974,00;0;8;0;6;0
2018;Polifilmes/Spcine;2550/32360;Distribuição Nacional;113;113;1.130,00;1.130;1;1;0;0
2018;Raiz Distribuidora;11792;Distribuição Nacional;108;108;520;520;1;1;1;1
2018;RB6;32094;Distribuição Nacional;607;607;8.435,00;8.435;1;1;1;1
2018;RioFilme;105;Distribuição Nacional;25.091;25.091;337.693,00;337.693;2;2;1;1
2018;Sony;84;Distribuição Internacional;20.915.476;7.850;312.342.478,00;130.436;29;1;21;1
2018;Supo Mungam Films;28508;Distribuição Nacional;116.377;0;1.854.375,00;0;15;0;9;0
2018;Synapse;277;Distribuição Nacional;908;908;16.809,00;16.809;1;1;1;1
2018;Taturana;38699;Distribuição Nacional;1.415;1.415;17.401,00;17.401;4;4;4;4
2018;Tucumán;16132;Distribuição Nacional;3.674;3.674;48.738,00;48.738;3;3;0;0
2018;TV Meio Ambiente;20873;Distribuição Nacional;114;114;1.901,00;1.901;1;1;0;0
2018;UMES;15603;Distribuição Nacional;10.085;0;165.145,00;0;1;0;1;0
2018;Universal;169/84/33787;Distribuição Internacional;17.718.379;0;274.039.699,00;0;33;0;18;0
2018;Urca Filme;1304;Distribuição Nacional;1.299;1.299;18.519,00;18.519;1;1;1;1
2018;Videofilmes;276;Distribuição Nacional;3.385;3.385;48.341,00;48.341;1;1;0;0
2018;Vitrine Filmes;16713;Distribuição Nacional;575.365;497.479;7.707.094,00;6.426.433;57;55;25;24
2018;Vitrine Filmes/Espaço Filmes;16713/1083;Distribuição Nacional;11.786;11.786;153.437,00;153.437;1;1;1;1
2018;Warner;265;Distribuição Internacional;25.494.305;47.789;403.560.849,00;698.721;28;2;18;2
2018;Zeta Filmes;22936;Distribuição Nacional;54.842;0;736.100,00;0;25;0;15;0
2019;360 Ent.;31182;Distribuição Nacional;746.264;0;9.634.557,00;0;1;0;1;0
2019;A2 Filmes;34811;Distribuição Nacional;138.574;4.221;2.298.166,00;73.153;16;1;14;1
2019;Alpha Filmes;5963;Distribuição Nacional;445.849;0;7.976.455,00;0;3;0;3;0
2019;Anagrama Filmes;38807;Distribuição Nacional;2.637;2.637;39.784,00;39.784;2;2;2;2
2019;Arteplex;1944/41991;Distribuição Nacional;94.640;6.591;1.562.377,00;43.560;9;1;9;1
2019;ArtHouse;22808;Distribuição Nacional;27.505;27.505;342.570,00;342.570;7;7;6;6
2019;Bonfilm;14462;Distribuição Nacional;20.207;0;310.959,00;0;3;0;2;0
2019;Boulevard Filmes;17484;Distribuição Nacional;17.582;17.582;245.329,00;245.329;3;3;3;3
2019;Bretz Filmes;19243;Distribuição Nacional;27.067;6.200;458.074,00;97.403;8;6;8;6
2019;Califórnia;532;Distribuição Nacional;234.237;1.546;4.118.877,00;21.323;19;2;13;1
2019;Cavideo Produções;11893;Distribuição Nacional;133;133;2.320,00;2.320;1;1;1;1
2019;Ciclorama Filmes;17471;Distribuição Nacional;382;382;5.223,00;5.223;1;1;1;1
2019;Cineart Filmes;33340;Distribuição Nacional;11.446;1.018;178.120,00;12.400;6;1;4;1
2019;Cinecolor do Brasil;2631;Distribuição Nacional;36.250;0;551.218,00;0;4;0;4;0
2019;Cultura;1125;Distribuição Nacional;873;873;14.982,00;14.982;1;1;1;1
2019;Cup Filmes;38413;Distribuição Nacional;5.310;1.782;35.489,00;19.225;2;1;2;1
2019;Descoloniza Filmes;15977;Distribuição Nacional;7.741;7.741;95.924,00;95.924;2;2;2;2
2019;Di Mauro Cultura e Arte Produções Artísticas;32612;Distribuição Nacional;273;273;3.149,00;3.149;1;1;1;1
2019;Diamond Films;22724;Distribuição Nacional;2.008.190;0;35.188.333,00;0;39;0;26;0
2019;Disney;18398;Distribuição Internacional;75.608.273;432.182;1.246.196.074,00;6.813.529;38;3;16;1
2019;Downtown;4904;Distribuição Nacional;440.950;440.950;6.887.582,00;6.887.582;9;9;6;6
2019;Downtown/Paris;4904/11922;Distribuição Nacional;14.756.888;14.756.888;192.612.430,00;192.612.430;4;4;3;3
2019;E.H. Produções;461;Distribuição Nacional;484;484;7.712,00;7.712;1;1;1;1
2019;Elite Filmes;22364;Distribuição Nacional;2.871;0;42.895,00;0;4;0;4;0
2019;Elo Company;5672;Distribuição Nacional;57.339;57.339;598.025,00;598.025;28;28;21;21
2019;Embaúba Filmes;23638;Distribuição Nacional;8.847;8.847;98.416,00;98.416;7;7;5;5
2019;Empresa Cinematográfica Pampeana;929;Distribuição Nacional;396;396;5.908,00;5.908;2;2;0;0
2019;Engady Cine Vídeo;2935;Distribuição Nacional;268;268;4.375,00;4.375;1;1;0;0
2019;Esfera Produções;18039;Distribuição Nacional;3.347;3.121;49.227,00;46.415;6;3;3;3
2019;Espaço dos Satyros;34282;Distribuição Nacional;150;150;2.493,00;2.493,00;1;1;0;0
2019;Espaço Filmes;1083;Distribuição Nacional;37.954;9.014;656.597,00;167.956;8;2;5;2
2019;Estação Luz Filmes;1591;Distribuição Nacional;50;50;649;649;1;1;0;0
2019;Europa;2250;Distribuição Nacional;45;45;484;484;1;1;0;0
2019;F. J. Cines;310;Distribuição Nacional;838;0;8.628,00;0;6;0;0;0
2019;Flow Filmes;40351;Distribuição Nacional;11.130;0;124.304,00;0;2;0;2;0
2019;Forte Filmes;12699;Distribuição Nacional;130;130;2.451,00;2.451;1;1;1;1
2019;Fox;256;Distribuição Internacional;8.059.936;0;126.483.259,00;0;17;0;8;0
2019;Fênix Filmes;31931;Distribuição Nacional;30.548;851;511.184,00;11.263;3;1;3;1
2019;Fênix Filmes/Escarlate;31931/45126/29173;Distribuição Nacional;4.128;0;70.425,00;0;1;0;1;0
2019;Fênix Filmes/Tucumán;31931/16132;Distribuição Nacional;309;309;4.358,00;4.358;1;1;1;1
2019;Galeria Distribuidora;42233;Distribuição Nacional;404.902;0;5.945.506,00;0;4;0;4;0
2019;Gávea Filmes e Produções;7128;Distribuição Nacional;47;47;288;288;1;1;1;1
2019;H2O Films;24619/21541;Distribuição Nacional;805.971;805.971;11.933.933,00;11.933.933;3;3;2;2
2019;Imagem;1935;Distribuição Nacional;2.959.159;1.075.412;47.335.116,00;15.352.516;35;17;28;14
2019;Imovision;11868/173;Distribuição Nacional;298.523;20.021;4.893.041,00;302.685;50;7;25;3
2019;Inquieta Cinema Cultura e Comunicação;29984;Distribuição Nacional;6.289;6.289;59.142,00;59.142,00;3;3;2;2
2019;Ipecine/Olhar Distribuiçao;31337/37242;Distribuição Nacional;5.970;0;59.448,00;0;1;0;1;0
2019;Ivin Films;37407;Distribuição Nacional;1.189;1.189;21.474,00;21.474;1;1;1;1
2019;Jura Filmes;4946;Distribuição Nacional;527;527;5.591,00;5.591;1;1;1;1
2019;Kinopus;4021;Distribuição Nacional;359;359;4.611,00;4.611;1;1;1;1
2019;Klaxon Cultura Audiovisual;14499;Distribuição Nacional;3.284;3.284;33.057,00;33.057;1;1;1;1
2019;Lança Filmes;25115;Distribuição Nacional;7.520;2.948;115.089,00;38.257;5;2;4;2
2019;Lauper;1002;Distribuição Nacional;1.715;1.715;17.690,00;17.690;1;1;1;1
2019;Lira Filmes;28406;Distribuição Nacional;2.380;537;36.155,00;6.467;2;1;2;1
2019;Livres Filmes;21870;Distribuição Nacional;2.068;2.068;28.833,00;28.833;1;1;1;1
2019;Lume Produções Cinematográficas;11990;Distribuição Nacional;1.160;1.160;11.700,00;11.700;2;2;2;2
2019;Mac Comunicação;281;Distribuição Nacional;22;22;84;84;1;1;0;0
2019;Moro Comunicação;5224;Distribuição Nacional;358;358;4.686,00;4.686;1;1;1;1
2019;O2 Play;63;Distribuição Nacional;64.449;23.854;968.182,00;297.683;13;11;11;9
2019;Okna Produções;11871;Distribuição Nacional;897;897;10.802,00;10.802;1;1;1;1
2019;Olhar Distribuição;37242;Distribuição Nacional;10.586;10.586;103.549,00;103.549,00;9;9;8;8
2019;Pagu Pictures;38312;Distribuição Nacional;140.018;31.429;2.365.589,00;499.039;18;6;16;6
2019;Pandora Filmes;12443/333;Distribuição Nacional;83.644;14.729;1.250.555,00;198.018;21;6;17;5
2019;Paramount;169;Distribuição Internacional;4.913.500;0;78.179.719,00;0;11;0;7;0
2019;Paris;11922;Distribuição Nacional;8.730.511;3.895.174;130.157.345,00;54.941.557;36;7;27;5
2019;Pipa Produções;5467;Distribuição Nacional;4.123;4.123;33.932,00;33.932;1;1;1;1
2019;Pique-Bandeira Filmes;22312;Distribuição Nacional;157;157;1.379,00;1.379;1;1;1;1
2019;Playarte;443;Distribuição Nacional;288.958;0;4.386.800,00;0;8;0;6;0
2019;Raccord Produções;786;Distribuição Nacional;786;786;11.535,00;11.535;1;1;1;1
2019;Raiz Distribuidora;11792;Distribuição Nacional;143;143;715;715;1;1;0;0
2019;Raça Ruim Filmes;34789;Distribuição Nacional;12.471;12.471;170.706,00;170.706;1;1;1;1
2019;Sony;84;Distribuição Internacional;14.085.832;749.656;224.189.971,00;11.856.607;23;2;14;1
2019;Sony/Vitrine Filmes;84/16713;Codistribuição Internacional-Nacional;117.222;117.222;2.010.086,00;2.010.086;1;1;1;1
2019;Supo Mungam Films;28508;Distribuição Nacional;9.930;0;144.781,00;0;9;0;4;0
2019;Taturana;38699;Distribuição Nacional;3.683;3.683;25.272,00;25.272;5;5;2;2
2019;Tucumán;16132;Distribuição Nacional;530;530;6.436,00;6.436;1;1;1;1
2019;Universal;169/84/33787;Distribuição Internacional;14.661.218;0;227.023.183,00;0;26;0;17;0
2019;Urbano Filmes;23942;Distribuição Nacional;464;464;6.364,00;6.364;1;1;1;1
2019;Videofilmes;276;Distribuição Nacional;263;263;2.652,00;2.652;1;1;0;0
2019;Vilacine;18499;Distribuição Nacional;190;0;2.847,00;0;1;0;1;0
2019;Vinny Filmes;17810;Distribuição Nacional;2.548;0;38.528,00;0;1;0;1;0
2019;Vitrine Filmes;16713;Distribuição Nacional;1.317.986;1.300.396;18.898.814,00;18.645.830;57;51;16;14
2019;Warner;265;Distribuição Internacional;24.615.038;199.773;392.186.358,00;3.237.399;30;2;20;2
2019;Zeta Filmes;22936;Distribuição Nacional;16.537;0;213.433,00;0;21;0;8;0
;;;;;;;;;;;
Notas:;;;;;;;;;;;
1. Para um melhor alinhamento com o mercado internacional, as obras registradas na ANCINE com distribuição da Paramount, que atua no Brasil também comercializando obras dos estúdios Universal, foram desagregadas entre as duas empresas, seguindo o padrão de distribuição no exterior.;;;;;;;;;;;
2. Os valores de renda disponíveis neste arquivo são valores correntes do ano de referência.;;;;;;;;;;;
3. ND: Dados não infomados pela distribuidora até a data de compilação dos dados.;;;;;;;;;;;
"4. O ano corresponde aos seguintes períodos: 2019: 01/01/2019 a 31/12/2019; 2018: 01/01/2018 a 31/12/2019; 2017: 05/01/2017 a 03/01/2018; 2016: 07/01/2016 a 04/01/2017; 2015: 01/01/2015 a 06/01/2016; 2014: 03/01/2014 a 31/12/2014; 2013: 04/01/2013 a 02/01/2014; 2012: 06/01/2012 a 03/01/2013; 2011: 31/12/2010 a 05/01/2012; 2010: 01/01/2010 a 30/12/2010 e 2009: 02/01/2009 a 31/12/2009.";;;;;;;;;;;
5. Foram consideradas distribuidoras internacionais as empresas brasileiras subsidiárias dos grandes estúdios de produção e distribuição dos Estados Unidos da América (EUA): Paramount, Universal, Disney, Sony, Fox e Warner. Todas as demais foram definidas como empresas nacionais de distribuição. As parcerias de distribuição entre distribuidoras internacionais e distribuidoras nacionais foram classificadas como Codistribuição Internacional-Nacional.;;;;;;;;;;;
"6. A coluna ""Número de Registro Ancine"" disponibiliza todos os registros ativos vinculados às empresas.";;;;;;;;;;;
;;;;;;;;;;;
Fonte:;;;;;;;;;;;
2019: ANCINE / SADIS (Sistema de Acompanhamento da Distribuição em Salas de Exibição) - Dados compilados em 04/05/2020.;;;;;;;;;;;
2018: ANCINE / SADIS (Sistema de Acompanhamento da Distribuição em Salas de Exibição) - Dados compilados em 22/02/2019.;;;;;;;;;;;
2016 e 2017: ANCINE / SADIS (Sistema de Acompanhamento da Distribuição em Salas de Exibição) - Dados compilados em 02/04/2018.;;;;;;;;;;;
2009 a 2015: ANCINE / SADIS (Sistema de Acompanhamento da Distribuição em Salas de Exibição) - Dados compilados em 22/12/2017.;;;;;;;;;;;
;;;;;;;;;;;
Elaboração: Coordenação de Edição e Publicação de Conteúdo - CEC/SAM/ANCINE. Publicado em 16/09/2020. Republicado em 23/09/2020.;;;;;;;;;;;
