Listagem de Complexos de Exibição por Município e UF - 2013;;;;;;
;;;;;;
#;UF;Município;População*;Nome Complexo ;Grupo ANCINE;Número de Salas
1;AC;CRUZEIRO DO SUL;80.377;Cine Romeu;INDEPENDENTE;1
2;AC;RIO BRANCO;357.194;Araujo Via Verde Shopping;ARAUJO;4
3;AL;MACEIÓ;996.733;Centerplex  Shopping Pátio Maceió;CENTERPLEX;5
4;AL;MACEIÓ;996.733;Centro Cultural Arte Pajuçara;INDEPENDENTE;1
5;AL;MACEIÓ;996.733;Cinema Farol ;LUMIERE;2
6;AL;MACEIÓ;996.733;Kinoplex Maceió;GSR;6
7;AM;ITACOATIARA;94.278;CINE THEATRO DIB BARBOSA;INDEPENDENTE;1
8;AM;MANAUS;1.982.177;Cinemais Manaus Plaza Shopping;CINEMAIS;8
9;AM;MANAUS;1.982.177;Cinemais Shopping Millennium;CINEMAIS;8
10;AM;MANAUS;1.982.177;Cinépolis Ponta Negra;CINÉPOLIS;10
11;AM;MANAUS;1.982.177;GSR Cinema Amazonas;GSR;2
12;AM;MANAUS;1.982.177;Playarte Manauara;PLAY;10
13;AM;MANAUS;1.982.177;Studio 5 Festival Mall Manaus;CINEMARK;8
14;AP;MACAPÁ;437.256;Cine IMPERATOR;INDEPENDENTE;2
15;AP;MACAPÁ;437.256;Moviecom Macapá Shopping;MOVIECOM;2
16;BA;ALAGOINHAS;152.570;LAGUNA;INDEPENDENTE;1
17;BA;BARREIRAS;150.896;Xodo;INDEPENDENTE;1
18;BA;FEIRA DE SANTANA;606.139;Cineplace Feira;ORIENT;4
19;BA;IBICARAÍ;24.595;Cine Ana;INDEPENDENTE;1
20;BA;ILHÉUS;184.616;SANTA CLARA;INDEPENDENTE;2
21;BA;PARIPIRANGA;29.654;Cine Ages;INDEPENDENTE;1
22;BA;PORTO SEGURO;141.006;Cine Plaza;INDEPENDENTE;1
23;BA;SALVADOR;2.883.682;Cine Lapa;ORIENT;2
24;BA;SALVADOR;2.883.682;Cinemark Salvador;CINEMARK;8
25;BA;SALVADOR;2.883.682;Cinépolis Horto Bella Vista;CINÉPOLIS;9
26;BA;SALVADOR;2.883.682;Cinépolis salvador Norte ;CINÉPOLIS;6
27;BA;SALVADOR;2.883.682;Espaço Itaú Glauber Rocha;ESPAÇO;4
28;BA;SALVADOR;2.883.682;Multiplex Iguatemi;UCI/Orient;12
29;BA;SALVADOR;2.883.682;SALA DE ARTE - CINE XIV;SALA DE ARTE;1
30;BA;SALVADOR;2.883.682;SALA DE ARTE - CINEMA DO MUSEU;SALA DE ARTE;1
31;BA;SALVADOR;2.883.682;Sala de Arte Cine Vivo;SALA DE ARTE;2
32;BA;SALVADOR;2.883.682;Sala de arte UFBA;SALA DE ARTE;1
33;BA;SALVADOR;2.883.682;UCI - Aero Clube;UCI;10
34;BA;SALVADOR;2.883.682;Uci Orient Paralela;UCI/Orient;6
35;BA;SALVADOR;2.883.682;UCI/Orient Barra;UCI/Orient;8
36;BA;SANTO ANTÔNIO DE JESUS;99.407;ITAGUARI;INDEPENDENTE;2
37;BA;TEIXEIRA DE FREITAS;153.385;CINE TEIXERA ;INDEPENDENTE;2
38;BA;VITÓRIA DA CONQUISTA;336.987;Moviecom Conquista Sul;MOVIECOM;3
39;CE;CAUCAIA;344.936;Sercla Iande Caucaia;SERCLA;4
40;CE;FORTALEZA;2.551.806;Arco Aldeota;ARCO;3
41;CE;FORTALEZA;2.551.806;Arco Del Passeo;ARCO;2
42;CE;FORTALEZA;2.551.806;Arcoplex  Pátio Dom Luís;ARCO;2
43;CE;FORTALEZA;2.551.806;Centerplex ViaSul;CENTERPLEX;6
44;CE;FORTALEZA;2.551.806;Cine Benfica;INDEPENDENTE;4
45;CE;FORTALEZA;2.551.806;Espaço Unibanco Dragão Do Mar - CE;INDEPENDENTE;2
46;CE;FORTALEZA;2.551.806;GSR Cinema North Shopping;GSR;6
47;CE;FORTALEZA;2.551.806;UCI Fortaleza;UCI/GSR;12
48;CE;LIMOEIRO DO NORTE;57.372;Cine Francisco Lucena;INDEPENDENTE;2
49;CE;MARACANAÚ;217.922;Centerplex/ Shopping Maracanaú;CENTERPLEX;2
50;CE;SANTA QUITÉRIA;43.358;Cinema FSBC ;INDEPENDENTE;1
51;CE;SOBRAL;197.663;Cine renato Aragão;INDEPENDENTE;3
52;DF;BRASÍLIA;2.789.761;Arco Águas Claras;ARCO;4
53;DF;BRASÍLIA;2.789.761;Cine Brasilia;INDEPENDENTE;1
54;DF;BRASÍLIA;2.789.761;Cine Cultura Liberty;INDEPENDENTE;4
55;DF;BRASÍLIA;2.789.761;Cine Drive in;INDEPENDENTE;1
56;DF;BRASÍLIA;2.789.761;Cineflix Shopping JK;CINEFLIX;6
57;DF;BRASÍLIA;2.789.761;Cinemark Pier 21;CINEMARK;13
58;DF;BRASÍLIA;2.789.761;Cinemark Shopping Iguatemi Brasília;CINEMARK;6
59;DF;BRASÍLIA;2.789.761;Cinemark Taguatinga Shopping;CINEMARK;9
60;DF;BRASÍLIA;2.789.761;Espaço Itaú de Cinema;ESPAÇO;8
61;DF;BRASÍLIA;2.789.761;GSR Cinema Parkplex;GSR;11
62;DF;BRASÍLIA;2.789.761;GSR Cinema Terraço;GSR;5
63;DF;BRASÍLIA;2.789.761;GSR Patio Brasil;GSR;6
64;DF;BRASÍLIA;2.789.761;Kinoplex Boulevard;GSR;4
65;DF;BRASÍLIA;2.789.761;Premier Sobradinho;PREMIER;3
66;ES;CACHOEIRO DE ITAPEMIRIM;205.213;Cine Ritz  Sul;AFA;2
67;ES;CACHOEIRO DE ITAPEMIRIM;205.213;Cine Shop. Cachoeiro;AFA;2
68;ES;CASTELO;37.331;Cine Teatro Castelo;INDEPENDENTE;1
69;ES;COLATINA;120.677;Gama - Colatina;INDEPENDENTE;2
70;ES;GUARAPARI;116.278;Cine Ritz Guarapari;AFA;3
71;ES;LINHARES;157.814;Cinesercla PátioMix Linhares;SERCLA;4
72;ES;MARATAÍZES;37.140;CINE VIA SUL;AFA;1
73;ES;PIÚMA;20.082;AFA Cine Ritz Piuma;AFA;1
74;ES;SÃO MATEUS;120.725;Cine Teatro São Mateus;AFA;1
75;ES;SERRA;467.318;Araujo Mestre Alvaro;ARAUJO;5
76;ES;SERRA;467.318;MULTIPLEX LARANJEIRAS;SERCLA;4
77;ES;VILA VELHA;458.489;Cinema Kinoplex PR. Costa;GSR;7
78;ES;VILA VELHA;458.489;Cinesystem Vila Velha;CINESYSTEM;6
79;ES;VITÓRIA;348.268;Cinemagic Norte Sul ;CINEMAGIC;4
80;ES;VITÓRIA;348.268;Cineritz Jardins;AFA;2
81;ES;VITÓRIA;348.268;Shopping Vitória;CINEMARK;8
82;GO;ÁGUAS LINDAS DE GOIÁS;177.890;Multicine Aguas Lindas;MULTICINE;4
83;GO;ANÁPOLIS;357.402;Cine Prime // CINE LUMIERE // Anashopping;INDEPENDENTE;4
84;GO;ANÁPOLIS;357.402;Cinemais Anapolis;CINEMAIS;5
85;GO;APARECIDA DE GOIÂNIA;500.619;Lumiere Portal Sul;LUMIERE;4
86;GO;APARECIDA DE GOIÂNIA;500.619;Moviecom Buriti (Shopping Buriti);MOVIECOM;6
87;GO;CALDAS NOVAS;77.899;Sétima Arte (Caldas Novas);ARTECINE;2
88;GO;CATALÃO;94.896;Cine Lumiere Catalão Shopping;LUMIERE;3
89;GO;FORMOSA;108.503;PREMIER Formosa;PREMIER;1
90;GO;GOIÂNIA;1.393.575;Centro Cultural Marietta Telles/ Sala Eduardo Benfica;INDEPENDENTE;1
91;GO;GOIÂNIA;1.393.575;Cine Flamboyant - Cinemark;CINEMARK;8
92;GO;GOIÂNIA;1.393.575;Cine Lumiére (Shopping Bougainville);LUMIERE;5
93;GO;GOIÂNIA;1.393.575;Cine Lumiére Araguaia;LUMIERE;5
94;GO;GOIÂNIA;1.393.575;Cine Portal Shopping;LUMIERE;3
95;GO;GOIÂNIA;1.393.575;Cine Ritz;INDEPENDENTE;2
96;GO;GOIÂNIA;1.393.575;Cinemark passeio das Aguas;CINEMARK;7
97;GO;GOIÂNIA;1.393.575;Kinoplex Goiânia Shopping;GSR;6
98;GO;GOIÂNIA;1.393.575;Premiere Multiplex Banana;LUMIERE;5
99;GO;GOIATUBA;33.759;Sétima Arte (Goiatuba);ARTECINE;1
100;GO;ITABERAÍ;38.324;Cine Imperial;INDEPENDENTE;1
101;GO;ITUMBIARA;98.484;PLAZA itumbiara;INDEPENDENTE;3
102;GO;JATAÍ;93.759;Multicine Jataí;MULTICINE;3
103;GO;LUZIÂNIA;188.181;Cine Teatro Junqueira / Centro de Cultura e Convenção;INDEPENDENTE;1
104;GO;LUZIÂNIA;188.181;Lumière Luziânia Shopping;LUMIERE;3
105;GO;MINEIROS;58.062;Multicine Mineiros;MULTICINE;3
106;GO;MORRINHOS;43.792;Cine Morrinhos;INDEPENDENTE;1
107;GO;NIQUELÂNDIA;44.540;Cine Teatro Niquelandia;INDEPENDENTE;1
108;GO;PLANALTINA;86.014;Cine Quelipe;INDEPENDENTE;1
109;GO;RIO VERDE;197.048;multicine rio verde;MULTICINE;3
110;GO;VALPARAÍSO DE GOIÁS;146.694;CINE VALPARAISO;MULTICINE;2
111;MA;IMPERATRIZ;251.468;Cinesystem Imperial;CINESYSTEM;5
112;MA;IMPERATRIZ;251.468;Imperacine / Tocantins;INDEPENDENTE;3
113;MA;SÃO LUÍS;1.053.922;Cine Praia Grande;INDEPENDENTE;1
114;MA;SÃO LUÍS;1.053.922;Cinépolis São Luiz;CINÉPOLIS;10
115;MA;SÃO LUÍS;1.053.922;Kinoplex Shopping Ilha;UCI/GSR;8
116;MA;SÃO LUÍS;1.053.922;Rio Anil Shopping;CINESYSTEM;6
117;MG;ALÉM PARAÍBA;35.559;CINE TEATRO BRASIL -Além Paraíba;INDEPENDENTE;1
118;MG;ALFENAS;77.618;Cine Art Café (Alfenas);CINEART CAFÉ;2
119;MG;ARAGUARI;114.970;Cine Teatro Odette;INDEPENDENTE;1
120;MG;ARAXÁ;99.986;Cine Teatro Brasil;INDEPENDENTE;1
121;MG;ARCOS;38.630;Josué's arcos;JOSUE'S CINE;1
122;MG;BARBACENA;132.980;Cine Barbacena;INDEPENDENTE;2
123;MG;BELO HORIZONTE;2.479.165;Boulevard Shopping Center;CINEART;6
124;MG;BELO HORIZONTE;2.479.165;Cine 104;INDEPENDENTE;1
125;MG;BELO HORIZONTE;2.479.165;Cine TJ Pampulha Mall;INDEPENDENTE;6
126;MG;BELO HORIZONTE;2.479.165;Cineart Minas Shopping;CINEART;6
127;MG;BELO HORIZONTE;2.479.165;Cineart Multiplex Cidade ;CINEART;8
128;MG;BELO HORIZONTE;2.479.165;Cineart Multiplex Del Rey ;CINEART;7
129;MG;BELO HORIZONTE;2.479.165;Cineart Paragem Cinema;CINEART;5
130;MG;BELO HORIZONTE;2.479.165;Cineart Ponteio;CINEART;4
131;MG;BELO HORIZONTE;2.479.165;Cinemark BH Shopping;CINEMARK;10
132;MG;BELO HORIZONTE;2.479.165;Cinemark Diamond Mall;CINEMARK;6
133;MG;BELO HORIZONTE;2.479.165;Cinemark Patio Savassi;CINEMARK;8
134;MG;BELO HORIZONTE;2.479.165;Cinépolis Estação BH;CINÉPOLIS;6
135;MG;BELO HORIZONTE;2.479.165;Multiplex Via Shopping Barreiro ;CINEART;5
136;MG;BELO HORIZONTE;2.479.165;Sercla Shopping Norte;SERCLA;5
137;MG;BELO HORIZONTE;2.479.165;Usiminas Belas Artes Cinemas ;INDEPENDENTE;3
138;MG;BETIM;406.474;Cines Betim Shopping ;CINEART;3
139;MG;BOA ESPERANÇA;40.018;CINE CORAL;INDEPENDENTE;1
140;MG;CAMBUÍ;28.123;CINE CAMBUÍ;INDEPENDENTE;1
141;MG;CAXAMBU;22.257;Novo Cine Caxambu;CINEMANÍACA;1
142;MG;CONSELHEIRO LAFAIETE;123.275;Cine Glória CL;INDEPENDENTE;1
143;MG;CONTAGEM;637.961;BIG SHOPPING;SERCLA;5
144;MG;CONTAGEM;637.961;Multiplex Itau Power ;CINEART;6
145;MG;DIVINÓPOLIS;226.345;Cine Ritz Divinópolis;AFA;5
146;MG;FORMIGA;67.617;Josué's Cine;JOSUE'S CINE;1
147;MG;GOVERNADOR VALADARES;275.568;Cine GV - GV Shopping;SERCLA;4
148;MG;GUAXUPÉ;51.488;Cine 14 Bis (Sala Santos Dumont);INDEPENDENTE;1
149;MG;IPATINGA;253.098;Moviecom Vale do Aço;MOVIECOM;3
150;MG;ITABIRA;115.817;Cinemax Itabira;INDEPENDENTE;2
151;MG;ITAJUBÁ;94.940;Cine Club Itajubá;INDEPENDENTE;1
152;MG;ITUIUTABA;102.020;BRISTOL;INDEPENDENTE;1
153;MG;JUIZ DE FORA;545.942;Cinearte Palace;ESPAÇO;2
154;MG;JUIZ DE FORA;545.942;Cinemais Alameda Shopping;CINEMAIS;5
155;MG;JUIZ DE FORA;545.942;Duocine SANTA CRUZ (Santa Cruz Shopping);CINEMANÍACA;2
156;MG;JUIZ DE FORA;545.942;UCI KINOPLEX INDEPENDÊNCIA;UCI/GSR;5
157;MG;LAGOA SANTA;57.589;Cine 9 Sete;INDEPENDENTE;1
158;MG;LAVRAS;98.172;Cine Art Café Lavras;CINEART CAFÉ;2
159;MG;MACHADO;40.760;Cine Art Café Machado;CINEART CAFÉ;1
160;MG;MANHUAÇU;84.934;CENTRO CULTURAL JOÃO BRACKS;INDEPENDENTE;1
161;MG;MONTES CLAROS;385.898;Cinemais Montes Claros;CINEMAIS;5
162;MG;MONTES CLAROS;385.898;IBI CINEMAS;AFA;4
163;MG;MURIAÉ;105.861;Mar Center ;INDEPENDENTE;1
164;MG;NOVA SERRANA;84.550;Serra Cine;INDEPENDENTE;1
165;MG;OLIVEIRA;41.181;Center Cine;INDEPENDENTE;1
166;MG;OURO PRETO;73.349;Cine Teatro Vila Rica;INDEPENDENTE;1
167;MG;PARACATU;89.530;Cine Teatro Santo Antonio;INDEPENDENTE;1
168;MG;PASSOS;111.651;Cine Roxy;INDEPENDENTE;1
169;MG;PATOS DE MINAS;146.416;Cinemais Patos;CINEMAIS;3
170;MG;PEDRO LEOPOLDO;61.975;Maraja;INDEPENDENTE;1
171;MG;PIUMHI;33.580;Cine Victor Agresta;JOSUE'S CINE;1
172;MG;POÇOS DE CALDAS;161.025;Centerplex Minas Sul;CENTERPLEX;4
173;MG;POÇOS DE CALDAS;161.025;ULTRAVISÃO;INDEPENDENTE;4
174;MG;POMPÉU;30.699;Cine Arte Pompéu;INDEPENDENTE;1
175;MG;POUSO ALEGRE;140.223;Cine Art Café PA;CINEART CAFÉ;1
176;MG;POUSO ALEGRE;140.223;Cineart Shopping Serra Sul;CINEART;4
177;MG;SANTA BÁRBARA;29.595;Cine Teatro Vitória;INDEPENDENTE;1
178;MG;SANTO ANTÔNIO DO MONTE;27.352;Josué's Cine Samonte;JOSUE'S CINE;1
179;MG;SÃO JOÃO DEL REI;88.405;Cine Glória Shopping;INDEPENDENTE;1
180;MG;SÃO JOÃO DEL REI;88.405;GLÓRIA;INDEPENDENTE;1
181;MG;SÃO LOURENÇO;44.037;Cine Minas Sul - São Lourenço;CINEART CAFÉ;1
182;MG;SÃO SEBASTIÃO DO PARAÍSO;68.518;Cine 14 Bis (sala Demoiselle);INDEPENDENTE;1
183;MG;SETE LAGOAS;227.571;Cineplex Sete Lagoas;CINEPLEX;4
184;MG;TRÊS CORAÇÕES;76.734;Cine Center Três Corações - MG;CINEART CAFÉ;2
185;MG;UBERABA;315.360;Cinemais Uberaba ;CINEMAIS;6
186;MG;UBERLÂNDIA;646.673;Cinemais Uberlândia;CINEMAIS;8
187;MG;UBERLÂNDIA;646.673;Uberlândia Shopping;CINEMARK;5
188;MG;VARGINHA;130.139;MASTER;INDEPENDENTE;2
189;MG;VIÇOSA;76.147;CALÇADÃO;INDEPENDENTE;1
190;MS;CAMPO GRANDE;832.352;Cinemark Campo Grande;CINEMARK;9
191;MS;CAMPO GRANDE;832.352;Cinépolis Norte Sul Plaza;CINÉPOLIS;7
192;MS;CAMPO GRANDE;832.352;Shopping Bosque dos Ipês;UCI;6
193;MS;DOURADOS;207.498;Dourados Cine - Shopping Avenida Center;ARAUJO;3
194;MS;IVINHEMA;22.832;Cinelito/Tom Payne;INDEPENDENTE;1
195;MS;NAVIRAÍ;49.827;Cine Oriente;INDEPENDENTE;1
196;MS;TRÊS LAGOAS;109.633;CINE TRES LAGOAS (Fox Cine);CHAINÇA;1
197;MT;CÁCERES;89.683;Cine Teatro Xin;INDEPENDENTE;2
198;MT;CUIABÁ;569.830;Araujo Multiplex Pantanal;ARAUJO;8
199;MT;CUIABÁ;569.830;Cinemais Cuiabá ;CINEMAIS;8
200;MT;CUIABÁ;569.830;Cinemark Goiabeiras;CINEMARK;7
201;MT;PRIMAVERA DO LESTE;55.451;VILA RICA;INDEPENDENTE;2
202;MT;RONDONÓPOLIS;208.019;Cine.com;INDEPENDENTE;3
203;MT;SINOP;123.634;Vip 2;INDEPENDENTE;2
204;MT;SORRISO;75.104;Cine Laser Park Shopping;LASER;2
205;MT;TANGARÁ DA SERRA;90.252;Cine Shop;INDEPENDENTE;2
206;PA;ALTAMIRA;105.106;Casa de Cultura - Cinema Lúcio Mauro;INDEPENDENTE;1
207;PA;BELÉM;1.425.922;CINE ESTAÇÃO DAS DOCAS;INDEPENDENTE;1
208;PA;BELÉM;1.425.922;Cinépolis Boulevard Belém;CINÉPOLIS;7
209;PA;BELÉM;1.425.922;Moviecom Belém;MOVIECOM;5
210;PA;BELÉM;1.425.922;Moviecom Castanheiras;MOVIECOM;7
211;PA;BELÉM;1.425.922;Parque Shopping Belém;CINÉPOLIS;7
212;PA;CASTANHAL;183.917;MOVIECOM CASTANHAL;MOVIECOM;3
213;PA;MARABÁ;251.885;Moviecom Marabá;MOVIECOM;5
214;PA;PARAUAPEBAS;176.582;Cine Teatro Carajás;INDEPENDENTE;1
215;PA;PARAUAPEBAS;176.582;Shopping Parauapebas;CIRCUITO;4
216;PA;SANTARÉM;288.462;Cine Laser Santarém;LASER;2
217;PA;TUCURUÍ;103.619;Moviecom Tucuruí;MOVIECOM;3
218;PA;XINGUARA;42.085;Cinemaxx Xinguara;INDEPENDENTE;2
219;PB;CAMPINA GRANDE;400.002;Multiplex Campina;SERCLA;5
220;PB;JOÃO PESSOA;769.607;Box João Pessoa- Manaíra;CINÉPOLIS;8
221;PB;JOÃO PESSOA;769.607;Cine Sercla TAMBIA;SERCLA;6
222;PB;JOÃO PESSOA;769.607;Cinespaço Mag Shopping;ESPAÇO;4
223;PB;PATOS;104.716;Cine Guedes;INDEPENDENTE;2
224;PB;REMÍGIO;18.686;Cine RT;INDEPENDENTE;1
225;PE;AFOGADOS DA INGAZEIRA;36.379;Cine teatro São José;INDEPENDENTE;1
226;PE;ARCOVERDE;72.102;Cine Rio Branco;INDEPENDENTE;1
227;PE;CABO DE SANTO AGOSTINHO;196.152;Costa Dourada;INDEPENDENTE;4
228;PE;CARUARU;337.416;Centerplex North Shopping Caruaru;CENTERPLEX;4
229;PE;CARUARU;337.416;Cinemagic Caruaru;CINEMAGIC;4
230;PE;GARANHUNS;135.138;Cine Eldorado -PE;MOVIEMAX;2
231;PE;JABOATÃO DOS GUARARAPES;675.599;Box Guararapes;CINÉPOLIS;12
232;PE;PETROLINA;319.893;River;ORIENT;4
233;PE;RECIFE;1.599.513;Apolo -Prefeitura;INDEPENDENTE;1
234;PE;RECIFE;1.599.513;Cine Rosa E Silva;MOVIEMAX;4
235;PE;RECIFE;1.599.513;Cine São Luiz;INDEPENDENTE;1
236;PE;RECIFE;1.599.513;Cinema Boa Vista;GSR;6
237;PE;RECIFE;1.599.513;Cinema da Fundação Joaquim Nabuco;INDEPENDENTE;1
238;PE;RECIFE;1.599.513;Rio Mar Shopping ;CINEMARK;12
239;PE;RECIFE;1.599.513;UCI Kinoplex Casa Forte;UCI/GSR;5
240;PE;RECIFE;1.599.513;UCI Recife;UCI/GSR;10
241;PE;RECIFE;1.599.513;UCI Tacaruna;UCI/GSR;8
242;PE;SÃO LOURENÇO DA MATA;108.301;Cine Royal;MOVIEMAX;1
243;PI;PARNAÍBA;148.832;Cinemas Delta;INDEPENDENTE;2
244;PI;TERESINA;836.475;Movieplex Cinemas  (CINE RIVER SIDE)/Cine Palacio;MOVIEPLEX;3
245;PI;TERESINA;836.475;Movieplex Cinemas  (CINE TERESINA);MOVIEPLEX;5
246;PR;APUCARANA;128.058;G7 Cinema (Shopping Centro Norte);INDEPENDENTE;2
247;PR;ARAPONGAS;112.198;Cine Teatro Mauá;INDEPENDENTE;1
248;PR;CAMPO LARGO;120.730;Cine Plus Campo Largo;CINEPLUS;2
249;PR;CAMPO MOURÃO;91.648;CINE MAXS;INDEPENDENTE;1
250;PR;CASCAVEL;305.615;ARCOPLEX CASCAVÉL ;ARCO;4
251;PR;CASCAVEL;305.615;CINE WEST SIDE;INDEPENDENTE;2
252;PR;CASTRO;70.086;Cineplus Condor Castro;CINEPLUS;2
253;PR;CIANORTE;75.360;CIANORTE/MUNICIPAL;INDEPENDENTE;1
254;PR;CURITIBA;1.848.946;Cinemark - Park Shopping Barigui;CINEMARK;8
255;PR;CURITIBA;1.848.946;Cinemark - Shopping Mueller;CINEMARK;8
256;PR;CURITIBA;1.848.946;Cineplex Batel;INDEPENDENTE;5
257;PR;CURITIBA;1.848.946;Cineplus Agua Verde;CINEPLUS;2
258;PR;CURITIBA;1.848.946;Cineplus Jardins;CINEPLUS;6
259;PR;CURITIBA;1.848.946;Cineplus Xaxim;CINEPLUS;4
260;PR;CURITIBA;1.848.946;Cinesystem - Shopping Total;CINESYSTEM;5
261;PR;CURITIBA;1.848.946;Cinesystem Batel - Shop Curitiba;CINESYSTEM;6
262;PR;CURITIBA;1.848.946;Cinesystem Cidade Curitiba;CINESYSTEM;5
263;PR;CURITIBA;1.848.946;Itau Arteplex;ESPAÇO;5
264;PR;CURITIBA;1.848.946;Shopping Palladium;UCI;8
265;PR;CURITIBA;1.848.946;UCI Dom Bosco ;UCI;1
266;PR;CURITIBA;1.848.946;UCI Estação;UCI;10
267;PR;FOZ DO IGUAÇU;263.508;CINE BOULEVARD  ;IGUAÇU;4
268;PR;FOZ DO IGUAÇU;263.508;CINE CATARATAS ;IGUAÇU;4
269;PR;FRANCISCO BELTRÃO;84.437;Cinemax Francisco;INDEPENDENTE;1
270;PR;GUARAPUAVA;175.779;CINE XV 01;INDEPENDENTE;2
271;PR;IBIPORÃ;51.255;Cine Teatro Padre José Zanelli;INDEPENDENTE;1
272;PR;IVAIPORÃ;32.699;CINE IVAIPORÃ;INDEPENDENTE;1
273;PR;JACAREZINHO;40.221;CINE IGUACU;INDEPENDENTE;1
274;PR;LONDRINA;537.566; Londrina Norte Shopping;CINESYSTEM;6
275;PR;LONDRINA;537.566;Cine Com-Tour;INDEPENDENTE;1
276;PR;LONDRINA;537.566;Cinemark Londrina;CINEMARK;7
277;PR;LONDRINA;537.566;Cines Catuai;ARAUJO;7
278;PR;LONDRINA;537.566;Lumiere Royal Plaza;LUMIERE;5
279;PR;MARINGÁ;385.753;Catuaí Shopping Maringá;ARAUJO;5
280;PR;MARINGÁ;385.753;Cidade Maringá / Cicuito Maringá;CIRCUITO;3
281;PR;MARINGÁ;385.753;CIneflix Park Maringá;CINEFLIX;5
282;PR;MARINGÁ;385.753;Cines Avenida Center;ARAUJO;5
283;PR;PARANAGUÁ;148.232;Hipermercado Condor ;CINESYSTEM;2
284;PR;PARANAVAÍ;85.643;ASTON;INDEPENDENTE;2
285;PR;PATO BRANCO;77.230;Teatro Municipal de Pato Branco / CINE TEATRO NAURA RIGON;INDEPENDENTE;1
286;PR;PONTA GROSSA;331.084;Lumiere Shopping Total;LUMIERE;5
287;PR;PONTA GROSSA;331.084;Multiplex Palladium;ARAUJO;4
288;PR;RONDON;9.391;Cine Horizonte;INDEPENDENTE;1
289;PR;SANTO ANTÔNIO DA PLATINA;44.754;CAFE SANTO ANTONIO PLATINA /CINE CAFE PARPINELLI PARANÁ;INDEPENDENTE;1
290;PR;SÃO JOSÉ DOS PINHAIS;287.792;Cinemark Shopping São José;CINEMARK;5
291;PR;TOLEDO;128.448;PANAMBI;INDEPENDENTE;2
292;PR;UMUARAMA;106.387;VIP ;INDEPENDENTE;1
293;PR;UNIÃO DA VITÓRIA;55.467;LUZ;INDEPENDENTE;1
294;RJ;ANGRA DOS REIS;181.486;Angra Shopping;INDEPENDENTE;2
295;RJ;ANGRA DOS REIS;181.486;Cine Show Angra;CINESHOW;2
296;RJ;ARARUAMA;118.964;Cinemagic Lagoa shopping;CINEMAGIC;2
297;RJ;ARMAÇÃO DOS BÚZIOS;29.790;CINE CLUBE BUZIOS (BARDOT);INDEPENDENTE;1
298;RJ;BARRA DO PIRAÍ;96.261;CineShow Barra do Piraí;CINESHOW;2
299;RJ;BARRA MANSA;179.472;Cine Show Barra Mansa;CINESHOW;2
300;RJ;BOM JESUS DO ITABAPOANA;35.825;MisterPlay / Cine Mais;INDEPENDENTE;1
301;RJ;CABO FRIO;200.380;Maximovie Recreio 3D / Cine Recreio;INDEPENDENTE;2
302;RJ;CAMPOS DOS GOYTACAZES;477.208;SHOPPING BOULEVARD CAMPOS;ARAUJO;5
303;RJ;DUQUE DE CAXIAS;873.921;Caxias Shopping ;ARAUJO;6
304;RJ;DUQUE DE CAXIAS;873.921;Cine Teatro Oscarito;INDEPENDENTE;1
305;RJ;DUQUE DE CAXIAS;873.921;CINEMAXX - Cine Unigranrio Shopping;CINEMAXX;2
306;RJ;DUQUE DE CAXIAS;873.921;SANTA ROSA CAXIAS (I  e III);INDEPENDENTE;2
307;RJ;ITAGUAÍ;115.542;PatioMix Costa Verde;SERCLA;4
308;RJ;ITAPERUNA;98.004;GLORIA ITAPERUNA;CINEMAXX;1
309;RJ;MACAÉ;224.442;Shopping Plaza Macaé (Cine Magic);CINEMAGIC;5
310;RJ;NILÓPOLIS;158.288;Nilópolis SQUARE ;SERCLA;3
311;RJ;NITERÓI;494.200;Cinema Bay Market;GSR;4
312;RJ;NITERÓI;494.200;Plaza Shopping Niterói;CINEMARK;8
313;RJ;NOVA FRIBURGO;184.122;Cine Show Nova Friburgo;CINESHOW;3
314;RJ;NOVA IGUAÇU;804.815;Cinema Iguaçu Top;GSR;3
315;RJ;PARACAMBI;48.705;Cine Imperial Paracambi;CINEMAXX;1
316;RJ;PETRÓPOLIS;297.888;CINE BAUHAUS;INDEPENDENTE;2
317;RJ;PETRÓPOLIS;297.888;Cine Itaipava;INDEPENDENTE;1
318;RJ;PETRÓPOLIS;297.888;Hipershopping ABC;CINEMAXX;2
319;RJ;PETRÓPOLIS;297.888;Top Cine Mercado Estação;CINEMAXX;3
320;RJ;RESENDE;123.385;Cine Show Agulhas Negras;CINESHOW;4
321;RJ;RESENDE;123.385;Cinemais Resende;CINEMAIS;4
322;RJ;RIO DAS OSTRAS;122.196;Cinemagic  Holiday ;CINEMAGIC;2
323;RJ;RIO DE JANEIRO;6.429.923;Araujo Jardim Guadalupe;ARAUJO;5
324;RJ;RIO DE JANEIRO;6.429.923;Candido Mendes;INDEPENDENTE;1
325;RJ;RIO DE JANEIRO;6.429.923;Cine Carioca;CINEMAGIC;1
326;RJ;RIO DE JANEIRO;6.429.923;Cine Carioca Meier;GSR;3
327;RJ;RIO DE JANEIRO;6.429.923;Cine Jóia;INDEPENDENTE;1
328;RJ;RIO DE JANEIRO;6.429.923;Cine Laura Alvim;CINESTAR;3
329;RJ;RIO DE JANEIRO;6.429.923;Cine Santa;INDEPENDENTE;1
330;RJ;RIO DE JANEIRO;6.429.923;Cine10 Sulacap;CINESYSTEM;6
331;RJ;RIO DE JANEIRO;6.429.923;Cinema Iguatemi ;GSR;7
332;RJ;RIO DE JANEIRO;6.429.923;Cinema Leblon;GSR;2
333;RJ;RIO DE JANEIRO;6.429.923;Cinema Rio Sul;GSR;4
334;RJ;RIO DE JANEIRO;6.429.923;Cinema Roxy;GSR;3
335;RJ;RIO DE JANEIRO;6.429.923;Cinema São Luiz;GSR;4
336;RJ;RIO DE JANEIRO;6.429.923;Cinemark Botafogo;CINEMARK;6
337;RJ;RIO DE JANEIRO;6.429.923;Cinemark Carioca Shopping;CINEMARK;8
338;RJ;RIO DE JANEIRO;6.429.923;Cinemark Downtown;CINEMARK;12
339;RJ;RIO DE JANEIRO;6.429.923;Cinemark Village Mall;CINEMARK;4
340;RJ;RIO DE JANEIRO;6.429.923;Cinépolis Lagoon;CINÉPOLIS;6
341;RJ;RIO DE JANEIRO;6.429.923;Cinesystem Bangu;CINESYSTEM;6
342;RJ;RIO DE JANEIRO;6.429.923;Cinesystem Ilha Plaza;CINESYSTEM;4
343;RJ;RIO DE JANEIRO;6.429.923;Cinesystem Recreio Shopping;CINESYSTEM;5
344;RJ;RIO DE JANEIRO;6.429.923;Espaço Itau de Cinema Botafogo;ESPAÇO;6
345;RJ;RIO DE JANEIRO;6.429.923;Espaço Rio Design Barra;ESPAÇO;3
346;RJ;RIO DE JANEIRO;6.429.923;Estação Barra Point;ESTAÇÃO;2
347;RJ;RIO DE JANEIRO;6.429.923;Estação Ipanema;ESTAÇÃO;2
348;RJ;RIO DE JANEIRO;6.429.923;Estação Sesc Botafogo;ESTAÇÃO;3
349;RJ;RIO DE JANEIRO;6.429.923;Estação Sesc Rio;ESTAÇÃO;3
350;RJ;RIO DE JANEIRO;6.429.923;Estação Vivo Gávea;ESTAÇÃO;5
351;RJ;RIO DE JANEIRO;6.429.923;Instituto Moreira Salles;ESPAÇO;1
352;RJ;RIO DE JANEIRO;6.429.923;Kinoplex Fashion Mall;GSR;4
353;RJ;RIO DE JANEIRO;6.429.923;Kinoplex Madureira Shopping;GSR;5
354;RJ;RIO DE JANEIRO;6.429.923;Kinoplex Nova América ;GSR;7
355;RJ;RIO DE JANEIRO;6.429.923;Kinoplex Shopping Leblon;GSR;4
356;RJ;RIO DE JANEIRO;6.429.923;Kinoplex Shopping Tijuca;GSR;6
357;RJ;RIO DE JANEIRO;6.429.923;Museu da República;ESPAÇO;1
358;RJ;RIO DE JANEIRO;6.429.923;Odeon;ESTAÇÃO;1
359;RJ;RIO DE JANEIRO;6.429.923;Ponto Cine;INDEPENDENTE;1
360;RJ;RIO DE JANEIRO;6.429.923;Redecine Sesc - Jacarepagua;CINEMAGIC;3
361;RJ;RIO DE JANEIRO;6.429.923;Star Center Shopping;CINESTAR;4
362;RJ;RIO DE JANEIRO;6.429.923;UCI Kinoplex - Norte Shopping;UCI/GSR;10
363;RJ;RIO DE JANEIRO;6.429.923;UCI New York;UCI;18
364;RJ;RIO DE JANEIRO;6.429.923;UCI Park Campo Grande;UCI;7
365;RJ;RIO DE JANEIRO;6.429.923;Via Brasil Shopping (Irajá);CINESYSTEM;6
366;RJ;RIO DE JANEIRO;6.429.923;West Shopping Campo Grande ;GSR;5
367;RJ;SÃO GONÇALO;1.025.507;Box São Gonçalo;CINÉPOLIS;8
368;RJ;SÃO GONÇALO;1.025.507;Cinespaço Boulevard Shopping;ESPAÇO;6
369;RJ;SÃO JOÃO DE MERITI;460.799;Cinema Grande Rio;GSR;6
370;RJ;TERESÓPOLIS;169.849;Cine Show Teresópolis ;CINESHOW;3
371;RJ;TRÊS RIOS;78.723;TRES RIOS;INDEPENDENTE;1
372;RJ;VALENÇA;73.154;CINE GLÓRIA Valença;INDEPENDENTE;2
373;RJ;VASSOURAS;35.112;Cine Casario Shopping / Cinemaxx  Vassouras;CINEMAXX;1
374;RJ;VOLTA REDONDA;261.522;9 DE ABRIL;INDEPENDENTE;1
375;RJ;VOLTA REDONDA;261.522;Cine Show V. Redonda;CINESHOW;4
376;RJ;VOLTA REDONDA;261.522;GACEMSS;INDEPENDENTE;1
377;RN;MOSSORÓ;280.314;Cine Mossoró West Shopping;MULTICINE;5
378;RN;NATAL;853.928;Cinemark Midway Mall;CINEMARK;7
379;RN;NATAL;853.928;Cinépolis Natal Shopping;CINÉPOLIS;6
380;RN;NATAL;853.928;Cinépolis Norte Shopping Natal;CINÉPOLIS;6
381;RN;NATAL;853.928;Moviecom Praia Shopping;MOVIECOM;7
382;RO;ARIQUEMES;101.269;COLUMBIA;INDEPENDENTE;1
383;RO;CACOAL;85.863;cineart;INDEPENDENTE;1
384;RO;JI-PARANÁ;128.026;Cine Milani;INDEPENDENTE;1
385;RO;PORTO VELHO;484.992;Cine Rio;INDEPENDENTE;1
386;RO;PORTO VELHO;484.992;Cine Veneza;INDEPENDENTE;1
387;RO;PORTO VELHO;484.992;Porto Velho Shopping;ARAUJO;5
388;RO;ROLIM DE MOURA;55.357;COLUMBIA 3;INDEPENDENTE;1
389;RO;VILHENA;87.727;Cine Laser;LASER;2
390;RR;BOA VISTA;308.996;SUPER K;INDEPENDENTE;6
391;RS;BAGÉ;121.235;Cine 7;INDEPENDENTE;1
392;RS;BENTO GONÇALVES;111.384;Marcopolo;ARCO;3
393;RS;BENTO GONÇALVES;111.384;Movie Arte Bento;INDEPENDENTE;2
394;RS;CACHOEIRA DO SUL;85.955;Cine Via Sete (Cachoeira do Sul);INDEPENDENTE;1
395;RS;CACHOEIRINHA;124.472;Arcoplex Shopping do Vale;ARCO;3
396;RS;CAMPO BOM;63.339;CEI CAMPO BOM;ARCO;2
397;RS;CANOAS;338.531;Canoas Shopping;CINEMARK;7
398;RS;CAPÃO DA CANOA;45.744;CINE CAPÃO (Capão da Canoa Shopping);INDEPENDENTE;2
399;RS;CARLOS BARBOSA;26.976;Cultural - Ideale;INDEPENDENTE;1
400;RS;CAXIAS DO SUL;465.304;Centro Municipal de Cultura Dr. Henrique Ordovás Filho/Sala de Cinema Ulysses Geremia;INDEPENDENTE;1
401;RS;CAXIAS DO SUL;465.304;Cinépolis San Pelegrino;CINÉPOLIS;6
402;RS;CAXIAS DO SUL;465.304;Gnc Caxias;GNC;6
403;RS;CAXIAS DO SUL;465.304;Univ. Caxias (cultural);INDEPENDENTE;1
404;RS;CRUZ ALTA;64.126;Cine Cruz Alta;INDEPENDENTE;2
405;RS;ERECHIM;101.122;Movie Arte Cinemas ;INDEPENDENTE;1
406;RS;GRAMADO;34.110;EMBAIXADOR;INDEPENDENTE;1
407;RS;LAJEADO;76.187;Arcoplex Lajeado;ARCO;4
408;RS;MONTENEGRO;62.484;Cine Tanópolis;INDEPENDENTE;1
409;RS;NOVA PETRÓPOLIS;20.126;Cine Imigrante;INDEPENDENTE;2
410;RS;NOVO HAMBURGO;247.781;Cinespaço Novo Hamburgo;ESPAÇO;5
411;RS;PASSO FUNDO;194.432;Arcoiris Bourbon Passo Fundo;ARCO;2
412;RS;PASSO FUNDO;194.432;CINE BÉLLA CITTÁ;ARCO;2
413;RS;PELOTAS;341.180;Arco Íris Art;ARCO;3
414;RS;PELOTAS;341.180;Cineflix Shopping Pelotas;CINEFLIX;5
415;RS;PORTO ALEGRE;1.467.816;Arco Boulevard Strip Center;ARCO;2
416;RS;PORTO ALEGRE;1.467.816;Arco Cine Victória ;ARCO;2
417;RS;PORTO ALEGRE;1.467.816;Arcoiris Bourbon Porto Alegre;ARCO;2
418;RS;PORTO ALEGRE;1.467.816;Arcoiris Rua da Praia;ARCO;2
419;RS;PORTO ALEGRE;1.467.816;Barra Shopping Sul;CINEMARK;8
420;RS;PORTO ALEGRE;1.467.816;Bourbon Ipiranga;CINEMARK;8
421;RS;PORTO ALEGRE;1.467.816;Cine Bancários;INDEPENDENTE;1
422;RS;PORTO ALEGRE;1.467.816;Cine Santaner Cultural;INDEPENDENTE;1
423;RS;PORTO ALEGRE;1.467.816;Cineflix Shopping João Pessoa;CINEFLIX;4
424;RS;PORTO ALEGRE;1.467.816;"""Cinemateca Paulo Amorim(Sala Eduardo Hirtz, Sala Norberto Lubisco e Sala Paulo Amorim)""";INDEPENDENTE;3
425;RS;PORTO ALEGRE;1.467.816;Cinespaço Wallig;ESPAÇO;8
426;RS;PORTO ALEGRE;1.467.816;GNC Iguatemi;GNC;6
427;RS;PORTO ALEGRE;1.467.816;Gnc Lindóia;GNC;2
428;RS;PORTO ALEGRE;1.467.816;Gnc Moinhos;GNC;4
429;RS;PORTO ALEGRE;1.467.816;Gnc Praia De Belas;GNC;6
430;RS;PORTO ALEGRE;1.467.816;Guion Center;INDEPENDENTE;3
431;RS;PORTO ALEGRE;1.467.816;Instituto NT;INDEPENDENTE;1
432;RS;PORTO ALEGRE;1.467.816;Itau Arteplex Poa;ESPAÇO;8
433;RS;PORTO ALEGRE;1.467.816;Total Poa;CINEFLIX;5
434;RS;QUARAÍ;23.631;Cine Carlos Gomes / Cine Grêmio Quaraí;INDEPENDENTE;1
435;RS;RIO GRANDE;206.161;Cine Dunas - Cassino;INDEPENDENTE;1
436;RS;RIO GRANDE;206.161;Cine Dunas - Cidade;INDEPENDENTE;1
437;RS;RIO GRANDE;206.161;Cine Teatro Copacabana;INDEPENDENTE;1
438;RS;SANTA CRUZ DO SUL;124.577;Arcoiris Santa Cruz;ARCO;3
439;RS;SANTA CRUZ DO SUL;124.577;Cine Via Sete Santa Cruz do Sul;INDEPENDENTE;2
440;RS;SANTA MARIA;273.489;ARCOPLEX ROYAL PLAZA;ARCO;4
441;RS;SANTA MARIA;273.489;Cine Movie Arte;INDEPENDENTE;2
442;RS;SANTA ROSA;71.665;CENTRO CULTURAL;INDEPENDENTE;1
443;RS;SANTANA DO LIVRAMENTO;83.702;Cine Internacional;INDEPENDENTE;1
444;RS;SANTO ÂNGELO;78.836;Cine Cisne;INDEPENDENTE;2
445;RS;SÃO LEOPOLDO;225.520;Shopping Bourbon (Cinesystem São Leopoldo);CINESYSTEM;5
446;RS;SÃO LUIZ GONZAGA;35.344;Cine Lux;INDEPENDENTE;1
447;RS;SÃO SEBASTIÃO DO CAÍ;23.128;Centro de Cultura de São Sebastião do Caí;INDEPENDENTE;1
448;RS;SAPIRANGA;78.718;Centro de Cultura;INDEPENDENTE;1
449;RS;TRÊS COROAS;25.535;CULTURAL ;INDEPENDENTE;1
450;RS;TRÊS PASSOS;24.665;GLOBO;INDEPENDENTE;1
451;RS;VENÂNCIO AIRES;69.154;Cine Via Sete (Venâncio Aires);INDEPENDENTE;1
452;RS;VIAMÃO;250.028;Cine Santa Isabel;INDEPENDENTE;1
453;SC;ARARANGUÁ;64.405;Cine CAVERÁ;INDEPENDENTE;1
454;SC;BALNEÁRIO CAMBORIÚ;120.926;Arcoplex Atlântico;ARCO;2
455;SC;BALNEÁRIO CAMBORIÚ;120.926;GNC Camboriu Shopping;GNC;5
456;SC;BLUMENAU;329.082;Cinépolis Blumenau Norte Shopping;CINÉPOLIS;7
457;SC;BLUMENAU;329.082;Gnc Blumenau;GNC;6
458;SC;BLUMENAU;329.082;Park Europeu;ARCO;5
459;SC;BRUSQUE;116.634;Cine Gracher ;GRACHER;3
460;SC;BRUSQUE;116.634;Cine Gracher  Havan;GRACHER;3
461;SC;CAÇADOR;74.276;Cine Que Luz Caçador;INDEPENDENTE;1
462;SC;CANOINHAS;53.969;Cine Que Luz Canoinhas;INDEPENDENTE;1
463;SC;CHAPECÓ;198.188;Arcoplex Chapeco;ARCO;4
464;SC;CONCÓRDIA;71.499;CINE ARTE CONCÓRDIA;INDEPENDENTE;1
465;SC;CONCÓRDIA;71.499;Grupo Cine Concórdia;GCINE;1
466;SC;CRICIÚMA;202.395;Ciine Mult 3D;INDEPENDENTE;1
467;SC;CRICIÚMA;202.395;CINE DELLA GIUSTINA;ARCO;2
468;SC;CRICIÚMA;202.395;Criciúma;ARCO;2
469;SC;CURITIBANOS;38.890;Cine Que luz Curitibanos ;INDEPENDENTE;1
470;SC;FLORIANÓPOLIS;453.285;CIC;INDEPENDENTE;1
471;SC;FLORIANÓPOLIS;453.285;Cine Clube Sol da Terra;INDEPENDENTE;1
472;SC;FLORIANÓPOLIS;453.285;Cinemark Shopping Floripa;CINEMARK;7
473;SC;FLORIANÓPOLIS;453.285;Cinespaço Beiramar Shopping;ESPAÇO;5
474;SC;FLORIANÓPOLIS;453.285;Cinesystem Shopping Iguatemi;CINESYSTEM;7
475;SC;FLORIANÓPOLIS;453.285;Paradigma Cine Arte;INDEPENDENTE;1
476;SC;ITAJAÍ;197.809;Itajaí;ARCO;2
477;SC;JARAGUÁ DO SUL;156.519;Arcoiris Breithaupt;ARCO;3
478;SC;JOINVILLE;546.981;GNC Joinville Garten Shopping ;GNC;6
479;SC;JOINVILLE;546.981;Gnc Mueller;GNC;3
480;SC;LAGES;158.961;Cine Marrocos;ARCO;1
481;SC;LAGES;158.961;Serra Shopping;ARCO;2
482;SC;PALHOÇA;150.623;Via Catarina;ARCO;4
483;SC;PIRATUBA;4.533;Cine Piratuba;INDEPENDENTE;1
484;SC;RIO DO SUL;65.256;Cine Rio do Sul;GCINE;2
485;SC;SÃO FRANCISCO DO SUL;46.477;Cine Teatro X de Novembro;INDEPENDENTE;1
486;SC;SÃO JOSÉ;224.779;Arco Itaguaçu;ARCO;5
487;SC;SÃO JOSÉ;224.779;Cinépolis Continente Park;CINÉPOLIS;8
488;SC;SÃO MIGUEL DO OESTE;38.162;Cine Peperi;INDEPENDENTE;1
489;SC;TUBARÃO;101.284;Espaço Farol de Cinema (Farol Shopping);ESPAÇO;4
490;SC;VIDEIRA;49.768;SHOPPING VIDEIRA;GCINE;2
491;SE;ARACAJU;614.577;Cine Vitória;INDEPENDENTE;1
492;SE;ARACAJU;614.577;Cinemark Riomar;CINEMARK;5
493;SE;ARACAJU;614.577;Cinemark Shopping Jardins;CINEMARK;9
494;SE;NOSSA SENHORA DO SOCORRO;172.547;Sercla Nossa Senhora;SERCLA;4
495;SP;ALTINÓPOLIS;16.137;Prefeitura Altinópolis;INDEPENDENTE;1
496;SP;AMPARO;69.322;Cine Duplex;AGA;2
497;SP;ANDRADINA;57.145;Cine Andradina;GCINE;2
498;SP;ARAÇATUBA;190.536;Cine Araçatuba;ARAUJO;3
499;SP;ARARAQUARA;222.036;LUPO;INDEPENDENTE;3
500;SP;ARARAQUARA;222.036;Moviecom Jaraguá;MOVIECOM;4
501;SP;ARARAS;126.391;Cine Art café araras;CINEART CAFÉ;2
502;SP;ASSIS;100.204;Assis Plaza;CHAINÇA;1
503;SP;ASSIS;100.204;Cinema FAC;INDEPENDENTE;1
504;SP;ATIBAIA;134.567;Cine Atibaia;CENTERPLEX;2
505;SP;AVARÉ;87.238;CINE VENEZA -Avaré;CHAINÇA;1
506;SP;BARIRI;33.466;CINEMA BELUZZO ;INDEPENDENTE;1
507;SP;BARRETOS;117.779;Centerplex North Shopping  Barretos;CENTERPLEX;3
508;SP;BARUERI;256.756;Cinépolis Iguatemi Alphaville;CINÉPOLIS;9
509;SP;BARUERI;256.756;Cinépolis Parque Barueri;CINÉPOLIS;9
510;SP;BARUERI;256.756;Shopping Tamboré;CINEMARK;9
511;SP;BATATAIS;59.654;Cine Batatais;INDEPENDENTE;1
512;SP;BAURU;362.062;Alameda Quality Center - Cine'n fun;INDEPENDENTE;4
513;SP;BAURU;362.062;Cinépolis Nações Bauru;CINÉPOLIS;6
514;SP;BAURU;362.062;Multiplex Bauru Shopping;ARAUJO;5
515;SP;BEBEDOURO;77.487;Cine Pop /Cine Bebedouro;INDEPENDENTE;1
516;SP;BIRIGUI;115.898;Cine Galleria / Cine Lúmine;INDEPENDENTE;1
517;SP;BOTUCATU;136.269;Cine Nelly;ARAUJO;1
518;SP;BROTAS;22.959;Cine São José -Brotas;INDEPENDENTE;1
519;SP;CAJATI;29.059;Cine ADC Vale;INDEPENDENTE;1
520;SP;CAMPINAS;1.144.862;Bandeiras Parque Shopping;ARAUJO;6
521;SP;CAMPINAS;1.144.862;Box Campinas (Campinas Shopping);CINÉPOLIS;10
522;SP;CAMPINAS;1.144.862;Cine Sercla Spazio Ouro Verde;SERCLA;4
523;SP;CAMPINAS;1.144.862;Cinema Kinoplex D. Pedro;GSR;15
524;SP;CAMPINAS;1.144.862;GALLERIA;CINEFLIX;5
525;SP;CAMPINAS;1.144.862;Lui Topázio Cinemas Parque Prado;LUI;4
526;SP;CAMPINAS;1.144.862;Moviecom UNIMART;MOVIECOM;6
527;SP;CAMPINAS;1.144.862;Shopping Iguatemi;CINEMARK;8
528;SP;CAPIVARI;51.949;Cine Vera Cruz;CENTERPLEX;1
529;SP;CARAGUATATUBA;109.678;Cine Caraguá;AFA;1
530;SP;CARAGUATATUBA;109.678;Serramar Parque Shopping ;CENTERPLEX;4
531;SP;CASA BRANCA;29.597;CINE TEATRO CASA BRANCA;INDEPENDENTE;1
532;SP;CATANDUVA;118.209;Lumiere Catanduva Shopping;LUMIERE;3
533;SP;CESÁRIO LANGE;16.717;Cine São José - Cesário;CINEMAC;1
534;SP;COTIA;220.941;Cinespaço The Square;ESPAÇO;7
535;SP;COTIA;220.941;Shopping Granja Vianna;CINEMARK;5
536;SP;CRUZEIRO;80.408;Cine CRUZEIRO;INDEPENDENTE;1
537;SP;CUBATÃO;125.178;ROXY Parque Anilinas;ROXY;3
538;SP;DIADEMA;406.718;Shopping Praça da moça;PLAY;7
539;SP;EMBU;256.247;Embu Plaza Shopping;INDEPENDENTE;2
540;SP;ESPÍRITO SANTO DO PINHAL;43.611;Cineart café/casarão;CINEART CAFÉ;1
541;SP;FERNANDÓPOLIS;67.543;Cine Fernandópolis;GCINE;2
542;SP;FRANCA;336.734;Moviecom Franca;MOVIECOM;4
543;SP;GUAÍRA;39.314;Casa de Cultura João Augusto de Melo;INDEPENDENTE;1
544;SP;GUARATINGUETÁ;117.663;Cinemais Guaratinguetá ;CINEMAIS;4
545;SP;GUARUJÁ;306.683;CINE 3 - FERRY BOAT´S PLAZA;INDEPENDENTE;3
546;SP;GUARUJÁ;306.683;Multicine La Plage;GCINE;3
547;SP;GUARULHOS;1.299.249;Cinemark Guarulhos (antigo Hoyts);CINEMARK;15
548;SP;GUARULHOS;1.299.249;Circuito Cinemas Guarulhos;CIRCUITO;6
549;SP;GUARULHOS;1.299.249;Xmovie Guarulhos;INDEPENDENTE;4
550;SP;HORTOLÂNDIA;209.139;Cinesystem Hortolândia;CINESYSTEM;5
551;SP;IBITINGA;56.531;Cine Ibitinga/Assari/CineMec;INDEPENDENTE;1
552;SP;IGARAPAVA;29.365;IGARAPAVA CINE TEATRO;INDEPENDENTE;1
553;SP;IGUAPE;30.124;CINE TEATRO IGUAPE;INDEPENDENTE;1
554;SP;ILHA SOLTEIRA;26.138;CINE PAIAGUÁS;INDEPENDENTE;1
555;SP;INDAIATUBA;222.042;Lui Topázio Cinemas Multiplex Topázio;LUI;4
556;SP;INDAIATUBA;222.042;Lui Topázio Polo shopping Indaiatuba;LUI;5
557;SP;ITANHAÉM;93.696;Cinemar;INDEPENDENTE;2
558;SP;ITAPECERICA DA SERRA;163.363;GCINE Itapecerica Shopping;GCINE;4
559;SP;ITAPETININGA;153.810;Cine Itapetininga - SP;GCINE;2
560;SP;ITAPEVA;91.807;CINE ITAPEVA;CHAINÇA;1
561;SP;ITAPEVI;217.005;Centerplex Ita;CENTERPLEX;2
562;SP;ITAPIRA;72.048;Cine art café Itapira;CINEART CAFÉ;1
563;SP;ITÁPOLIS;41.920;Cine Teatro Municipal Geraldo Alves;INDEPENDENTE;1
564;SP;ITATIBA;109.907;MILLENIUM;INDEPENDENTE;2
565;SP;ITU;163.882;Cine Plaza -ITU;ARAUJO;3
566;SP;ITUVERAVA;40.552;ITUVERAVA;INDEPENDENTE;1
567;SP;JABOTICABAL;75.041;Cine Shopping Jaboticabal ;CHAINÇA;1
568;SP;JACAREÍ;223.064;CINE PRIME;CINEMARK;5
569;SP;JAGUARIÚNA;49.497;Cine Company Jaguar Shopping;COMPANY;1
570;SP;JALES;48.724;Cine jales;INDEPENDENTE;1
571;SP;JALES;48.724;Cine Uniplex;CHAINÇA;1
572;SP;JANDIRA;116.041;Circuito Cinemas Jandira;CIRCUITO;2
573;SP;JAÚ;140.077;Circuito Passos Jaú;MOVIECOM;2
574;SP;JUNDIAÍ;393.920;Cinépolis Jundiaí ;CINÉPOLIS;7
575;SP;JUNDIAÍ;393.920;Moviecom Maxi;MOVIECOM;7
576;SP;LEME;97.505;Cine Avenida;INDEPENDENTE;1
577;SP;LIMEIRA;291.748;Arco Pátio Limeira;ARCO;4
578;SP;LIMEIRA;291.748;CENTERPLEX;CENTERPLEX;5
579;SP;LINS;75.117;CINE CENTER LINS;CHAINÇA;1
580;SP;MARÍLIA;228.618;CINE ESMERALDA / Cine MovieBoxse7;INDEPENDENTE;3
581;SP;MARÍLIA;228.618;Cinemais Marília (Aquarius);CINEMAIS;5
582;SP;MATÃO;80.528;CINE TEATRO MATÃO;INDEPENDENTE;2
583;SP;MAUÁ;444.136;Multiplex Mauá;ARAUJO;5
584;SP;MIGUELÓPOLIS;21.471;CINE TEATRO MIGUELOPOLIS;INDEPENDENTE;1
585;SP;MOCOCA;68.590;Cine Mococa;INDEPENDENTE;1
586;SP;MOGI GUAÇU;144.963;Buriti Shopping;CINEFLIX;5
587;SP;MOGI MIRIM;90.558;Center Cine Mogi;AGA;1
588;SP;MONTE ALTO;48.907;Cine Teatro Antônio Mazza;INDEPENDENTE;1
589;SP;OLÍMPIA;52.650;CINE CAPITÓLIO;CHAINÇA;1
590;SP;ORLÂNDIA;42.020;Municipal de Orlândia;INDEPENDENTE;1
591;SP;OSASCO;691.652;Cinemark Osasco/Shopping União;CINEMARK;10
592;SP;OSASCO;691.652;Kinoplex Osasco;GSR;7
593;SP;OSASCO;691.652;OSASCO PLAZA;SERCLA;4
594;SP;OURINHOS;108.674;CINE CENTER ;CHAINÇA;2
595;SP;PARAGUAÇU PAULISTA;44.310;Cine Teatro Municipal Lucila Nascimento;INDEPENDENTE;1
596;SP;PAULÍNIA;92.668;Top cine paulínia;INDEPENDENTE;2
597;SP;PEDERNEIRAS;44.073;Sétima Arte;INDEPENDENTE;1
598;SP;PEDREIRA;44.509;CINE COMPANY PLAZA;COMPANY;1
599;SP;PENÁPOLIS;61.371;Cine Lumine;INDEPENDENTE;1
600;SP;PENÁPOLIS;61.371;Cine Lumine Shopping;INDEPENDENTE;1
601;SP;PIEDADE;54.323;Cine Piedade;INDEPENDENTE;1
602;SP;PINDAMONHANGABA;157.062;Cineflix Pátio Pinda;CINEFLIX;2
603;SP;PIRACICABA;385.287;Cine Shopping Piracicaba;ARAUJO;5
604;SP;PIRAJU;29.532;Cinemax Piraju;INDEPENDENTE;1
605;SP;PIRAJUÍ;24.098;Cine São Salvador;INDEPENDENTE;1
606;SP;PIRASSUNUNGA;73.656;Cine AFA;INDEPENDENTE;1
607;SP;POMPÉIA;21.060;Aris;INDEPENDENTE;1
608;SP;PRAIA GRANDE;287.967;Cinesystem Litoral Praia Grande;CINESYSTEM;6
609;SP;PRESIDENTE EPITÁCIO;43.155;Cine Company;COMPANY;1
610;SP;PRESIDENTE PRUDENTE;218.960;Americanas;ARCO;3
611;SP;PRESIDENTE PRUDENTE;218.960;Moviecom Prudenshopping;MOVIECOM;4
612;SP;PRESIDENTE VENCESLAU;39.265;SUPER CINE PRESIDENTE VENCESLAU;INDEPENDENTE;1
613;SP;REGISTRO;56.123;RIBEIRA;INDEPENDENTE;1
614;SP;RIBEIRÃO PRETO;649.556;Cineclube Cauim;INDEPENDENTE;1
615;SP;RIBEIRÃO PRETO;649.556;Cinépolis Santa Úrsula;CINÉPOLIS;8
616;SP;RIBEIRÃO PRETO;649.556;Novo Shopping;CINEMARK;11
617;SP;RIBEIRÃO PRETO;649.556;Shopping Center Iguatemi Ribeirão Preto ;CINÉPOLIS;6
618;SP;RIBEIRÃO PRETO;649.556;UCI Ribeirão;UCI;11
619;SP;RIO CLARO;196.821;Rio Claro;ARCO;5
620;SP;SALTO;112.052;Cineclube Salto;INDEPENDENTE;2
621;SP;SANTA BÁRBARA D'OESTE;188.302;Cineplex Santa Barbara;CINEPLEX;4
622;SP;SANTA BÁRBARA D'OESTE;188.302;Moviecom Tivoli;MOVIECOM;4
623;SP;SANTA CRUZ DAS PALMEIRAS;32.009;PALMEIRAS;INDEPENDENTE;1
624;SP;SANTA CRUZ DO RIO PARDO;46.092;Cine São Pedro;INDEPENDENTE;1
625;SP;SANTA FÉ DO SUL;30.872;CIC-Centro de int. de cult.;INDEPENDENTE;1
626;SP;SANTO ANDRÉ;704.942;ABC Plaza;CINEMARK;10
627;SP;SANTO ANDRÉ;704.942;Multiplex ABC;PLAY;5
628;SP;SANTOS;433.153;Cinearte Posto 4;INDEPENDENTE;1
629;SP;SANTOS;433.153;Espaço Itaú Miramar;ESPAÇO;3
630;SP;SANTOS;433.153;Praiamar Shopping;CINEMARK;10
631;SP;SANTOS;433.153;ROXY 5 Gonzaga;ROXY;5
632;SP;SANTOS;433.153;Roxy Patio Iporanga;ROXY;4
633;SP;SÃO BERNARDO DO CAMPO;805.895;Cacilda Becker;INDEPENDENTE;1
634;SP;SÃO BERNARDO DO CAMPO;805.895;Cinemark Golden Square;CINEMARK;5
635;SP;SÃO BERNARDO DO CAMPO;805.895;Cinépolis Sao Bernardo Plaza;CINÉPOLIS;8
636;SP;SÃO BERNARDO DO CAMPO;805.895;Extra Anchieta;CINEMARK;9
637;SP;SÃO BERNARDO DO CAMPO;805.895;Metrópole;PLAY;9
638;SP;SÃO CAETANO DO SUL;156.362;PARKSHOPPING SÃO CAETANO;CINEMARK;7
639;SP;SÃO CARLOS;236.457;Cine São Carlos ;INDEPENDENTE;1
640;SP;SÃO CARLOS;236.457;São Carlos Iguatemi;ARAUJO;3
641;SP;SÃO CARLOS;236.457;SESC São Carlos;INDEPENDENTE;1
642;SP;SÃO JOÃO DA BOA VISTA;87.912;CINE OURO BRANCO;INDEPENDENTE;2
643;SP;SÃO JOSÉ DO RIO PARDO;54.024;Cine Colombo;CINEART CAFÉ;1
644;SP;SÃO JOSÉ DO RIO PRETO;434.039;Centerplex Cidade Jardim Norte;CENTERPLEX;3
645;SP;SÃO JOSÉ DO RIO PRETO;434.039;Cinemais S.J.R.P. (Plaza Avenida);CINEMAIS;7
646;SP;SÃO JOSÉ DO RIO PRETO;434.039;Multiplex Rio Preto Shopping + Cine Vip;ARAUJO;7
647;SP;SÃO JOSÉ DOS CAMPOS;673.255;Center Vale;CINEMARK;6
648;SP;SÃO JOSÉ DOS CAMPOS;673.255;Shopping Colinas;CINEMARK;8
649;SP;SÃO JOSÉ DOS CAMPOS;673.255;VALE SUL SHOPPING;GSR;6
650;SP;SÃO MANUEL;40.027;Cine teatro São Manuel;INDEPENDENTE;1
651;SP;SÃO PAULO;11.821.873;Box Cinemas Itaquera;CINÉPOLIS;8
652;SP;SÃO PAULO;11.821.873;Butantã;PLAY;3
653;SP;SÃO PAULO;11.821.873;Center Norte;CINEMARK;5
654;SP;SÃO PAULO;11.821.873;Centerplex Lapa;CENTERPLEX;3
655;SP;SÃO PAULO;11.821.873;Cine livraria cultural;ESPAÇO;2
656;SP;SÃO PAULO;11.821.873;Cine Sabesp ;ESPAÇO;1
657;SP;SÃO PAULO;11.821.873;Cinema Kinoplex Itaim;GSR;6
658;SP;SÃO PAULO;11.821.873;Cinemark Central Plaza;CINEMARK;10
659;SP;SÃO PAULO;11.821.873;Cinemark Eldorado ;CINEMARK;9
660;SP;SÃO PAULO;11.821.873;Cinemark Interlar Aricanduva;CINEMARK;13
661;SP;SÃO PAULO;11.821.873;Cinemark Market Place;CINEMARK;8
662;SP;SÃO PAULO;11.821.873;Cinemark Metro Santa Cruz;CINEMARK;11
663;SP;SÃO PAULO;11.821.873;Cinemark Metro Tatuape;CINEMARK;8
664;SP;SÃO PAULO;11.821.873;Cinemark Mooca;CINEMARK;6
665;SP;SÃO PAULO;11.821.873;Cinemark Pátio Paulista;CINEMARK;7
666;SP;SÃO PAULO;11.821.873;Cinemark Raposo;CINEMARK;7
667;SP;SÃO PAULO;11.821.873;Cinemark Shopping Cidade Jardim;CINEMARK;7
668;SP;SÃO PAULO;11.821.873;Cinemark Shopping D;CINEMARK;10
669;SP;SÃO PAULO;11.821.873;Cinemark Shopping Iguatemi;CINEMARK;6
670;SP;SÃO PAULO;11.821.873;Cinemark Shopping Metrô Tucuruvi;CINEMARK;6
671;SP;SÃO PAULO;11.821.873;Cinemark SP Market;CINEMARK;11
672;SP;SÃO PAULO;11.821.873;Cinemark Villa Lobos;CINEMARK;7
673;SP;SÃO PAULO;11.821.873;Cinépolis JK Iguatemi;CINÉPOLIS;8
674;SP;SÃO PAULO;11.821.873;Cinépolis Largo 13;CINÉPOLIS;8
675;SP;SÃO PAULO;11.821.873;Cinesesc;INDEPENDENTE;1
676;SP;SÃO PAULO;11.821.873;Espaço Itaú de Cinema- Augusta;ESPAÇO;5
677;SP;SÃO PAULO;11.821.873;GSR Vila Olímpia ;GSR;7
678;SP;SÃO PAULO;11.821.873;Interlagos;CINEMARK;10
679;SP;SÃO PAULO;11.821.873;Itaim Paulista ;INDEPENDENTE;2
680;SP;SÃO PAULO;11.821.873;Itau  Arteplex Frei Caneca SP ;ESPAÇO;9
681;SP;SÃO PAULO;11.821.873;Itaú Cinemas ( Pompéia);ESPAÇO;11
682;SP;SÃO PAULO;11.821.873;Marabá;PLAY;5
683;SP;SÃO PAULO;11.821.873;Moviecom Boa Vista;MOVIECOM;5
684;SP;SÃO PAULO;11.821.873;Moviecom Penha;MOVIECOM;6
685;SP;SÃO PAULO;11.821.873;Multiplex Bristol;PLAY;7
686;SP;SÃO PAULO;11.821.873;Pátio Higienópolis;CINEMARK;6
687;SP;SÃO PAULO;11.821.873;Play Paulista ;PLAY;2
688;SP;SÃO PAULO;11.821.873;Play Plaza Sul ;PLAY;6
689;SP;SÃO PAULO;11.821.873;Play West Plaza ;PLAY;2
690;SP;SÃO PAULO;11.821.873;Reserva cultural de cinema;INDEPENDENTE;4
691;SP;SÃO PAULO;11.821.873;Shopping Boulevard Tatuapé;CINEMARK;5
692;SP;SÃO PAULO;11.821.873;Shopping Campo Limpo;ARAUJO;5
693;SP;SÃO PAULO;11.821.873;UCI Anália;UCI;9
694;SP;SÃO PAULO;11.821.873;UCI Jardim Sul;UCI;11
695;SP;SÃO PAULO;11.821.873;UCI Santana Parque Shopping ;UCI;8
696;SP;SÃO PEDRO;33.638;Cine teatro São Pedro (Shopping São Pedro);INDEPENDENTE;1
697;SP;SÃO ROQUE;84.460;CENTER SÃO ROQUE;INDEPENDENTE;2
698;SP;SÃO SEBASTIÃO;80.379;Cine Villa Mares;AFA;2
699;SP;SÃO VICENTE;350.465;ROXY BRISAMAR;ROXY;6
700;SP;SERRA NEGRA;27.879;CINE COMPANY SERRA NEGRA;COMPANY;1
701;SP;SERTÃOZINHO;117.539;Starcine Sertãozinho;INDEPENDENTE;2
702;SP;SOCORRO;38.878;Cine Cavaliere Orlandi;AFA;1
703;SP;SOROCABA;629.231;Araújo Patio Cianê Shopping;ARAUJO;5
704;SP;SOROCABA;629.231;Araujo shopping Cidade Sorocaba;ARAUJO;6
705;SP;SOROCABA;629.231;Cineplay Panorâmico;CINEPLAY;2
706;SP;SOROCABA;629.231;CinePlay Sorocaba;CINEPLAY;8
707;SP;SOROCABA;629.231;Cinespaço Villaggio Shopping;ESPAÇO;4
708;SP;SUMARÉ;258.556;Cine Sumaré - SP;AFA;2
709;SP;SUZANO;279.520;Centerplex Suzano;CENTERPLEX;5
710;SP;TABOÃO DA SERRA;264.352;Multiplex Taboão;ARAUJO;5
711;SP;TATUÍ;114.314;SANTA HELENA;CINEMAC;2
712;SP;TAUBATÉ;296.431;Cinemark Via Vale Garden Shopping;CINEMARK;6
713;SP;TAUBATÉ;296.431;Moviecom Taubaté;MOVIECOM;4
714;SP;TUPÃ;65.540;Meqecine;INDEPENDENTE;1
715;SP;UBATUBA;84.377;Cine Porto;AFA;1
716;SP;VALINHOS;116.308;cine valinhos/cineflix valinhos;CINEFLIX;3
717;SP;VARGEM GRANDE DO SUL;41.279;Cine Santa Clara;INDEPENDENTE;1
718;SP;VOTUPORANGA;89.715;VOTUPORANGA;INDEPENDENTE;1
719;TO;ARAGUAÍNA;164.093;TOP CINE ARAGUAÍNA;INDEPENDENTE;2
720;TO;PALMAS;257.904;Cinemark Capim Dourado;CINEMARK;6
721;TO;PALMAS;257.904;Lumière Palmas Shopping;LUMIERE;5
;;;;;;
"""* Os dados são referentes as Estimativas de População publicadas pelo Instituto Brasileiro de Geografia e Estatística (IBGE) que apresenta estimativas populacionais anuais de população para os municípios e para as Unidades da Federação brasileiros, com data de referência em 1º de julho de cada ano. Disponível em https://www.ibge.gov.br/estatisticas-novoportal/sociais/populacao/9103-estimativas-de-populacao.html?=&t=o-que-e""";;;;;;
"""Fontes: Sistema de Registro – ANCINE, Sistema de Acompanhamento da Distribuição em Salas de Exibição (SADIS), IBGE, Filme B e outras fontes secundárias.""";;;;;;
"""Elaboração: Coordenação do Observatório do Cinema e do Audiovisual - COB/SAM/ANCINE. Publicado em 09/07/2018.""";;;;;;
